epoch,epoch_loss,split,loss,acc,sample_fn
0,1.8180975,train,1.017445,0.6852050499216107,gumbel_soft
0,1.8180975,val,1.0257561,0.6806930693069307,gumbel_soft
0,1.8180975,test,1.0283194,0.6942774437764417,gumbel_soft
1,0.8810269,train,0.8007258,0.690871083972825,gumbel_soft
1,0.8810269,val,0.80845726,0.6856435643564357,gumbel_soft
1,0.8810269,test,0.8112196,0.6862614117123135,gumbel_soft
2,0.7695849,train,0.7469713,0.6922188299364634,gumbel_soft
2,0.7695849,val,0.75631243,0.697029702970297,gumbel_soft
2,0.7695849,test,0.75500107,0.691828100645736,gumbel_soft
3,0.73147666,train,0.71227354,0.7059438347498418,gumbel_soft
3,0.73147666,val,0.7231926,0.7007425742574257,gumbel_soft
3,0.73147666,test,0.71929294,0.7058561567579603,gumbel_soft
4,0.70359707,train,0.6828025,0.7117748989190528,gumbel_soft
4,0.70359707,val,0.68533224,0.7141089108910891,gumbel_soft
4,0.70359707,test,0.6902604,0.7147628590514362,gumbel_soft
5,0.67548054,train,0.66573834,0.7134252000990181,gumbel_soft
5,0.67548054,val,0.66502386,0.726980198019802,gumbel_soft
5,0.67548054,test,0.67403436,0.7051881540859497,gumbel_soft
6,0.6618305,train,0.65643597,0.7149104711609868,gumbel_soft
6,0.6618305,val,0.65434164,0.719059405940594,gumbel_soft
6,0.6618305,test,0.6627817,0.7225562235582276,gumbel_soft
7,0.6643521,train,0.6552373,0.7191462441895646,gumbel_soft
7,0.6643521,val,0.6545565,0.7173267326732673,gumbel_soft
7,0.6643521,test,0.6601797,0.7149855266087731,gumbel_soft
8,0.6551269,train,0.6475335,0.7077316610281377,gumbel_soft
8,0.6551269,val,0.6483303,0.7163366336633663,gumbel_soft
8,0.6551269,test,0.6578626,0.7060788243152972,gumbel_soft
9,0.6433836,train,0.6425982,0.7124350193910388,gumbel_soft
9,0.6433836,val,0.6436081,0.7143564356435643,gumbel_soft
9,0.6433836,test,0.6475372,0.7114228456913828,gumbel_soft
10,0.63891566,train,0.6377278,0.7039909783535495,gumbel_soft
10,0.63891566,val,0.6356766,0.7254950495049505,gumbel_soft
10,0.63891566,test,0.64595926,0.70875083500334,gumbel_soft
11,0.6355841,train,0.62694967,0.7137827653546772,gumbel_soft
11,0.6355841,val,0.6277484,0.7160891089108911,gumbel_soft
11,0.6355841,test,0.63740015,0.7169895346248052,gumbel_soft
12,0.63054997,train,0.62362784,0.7162307121049591,gumbel_soft
12,0.63054997,val,0.63820195,0.7054455445544554,gumbel_soft
12,0.63054997,test,0.6285997,0.7187708750835003,gumbel_soft
13,0.62418413,train,0.6242381,0.7158731468493,gumbel_soft
13,0.62418413,val,0.62942356,0.722029702970297,gumbel_soft
13,0.62418413,test,0.6301692,0.71520819416611,gumbel_soft
14,0.62388635,train,0.6220964,0.7156531066919712,gumbel_soft
14,0.62388635,val,0.6247736,0.7153465346534653,gumbel_soft
14,0.62388635,test,0.6289072,0.704520151413939,gumbel_soft
15,0.6197336,train,0.6147879,0.7225018565888275,gumbel_soft
15,0.6197336,val,0.6244957,0.7153465346534653,gumbel_soft
15,0.6197336,test,0.62344766,0.7169895346248052,gumbel_soft
16,0.6210424,train,0.62042236,0.7091894270704403,gumbel_soft
16,0.6210424,val,0.6374031,0.7076732673267326,gumbel_soft
16,0.6210424,test,0.6247392,0.7116455132487196,gumbel_soft
17,0.6153778,train,0.61167926,0.7159831669279644,gumbel_soft
17,0.6153778,val,0.6112437,0.7264851485148515,gumbel_soft
17,0.6153778,test,0.6106656,0.7247828991315965,gumbel_soft
18,0.61812073,train,0.6296622,0.7206040102318673,gumbel_soft
18,0.61812073,val,0.630384,0.725990099009901,gumbel_soft
18,0.61812073,test,0.62465495,0.7205522155421955,gumbel_soft
19,0.61829937,train,0.61174697,0.7171383777539401,gumbel_soft
19,0.61829937,val,0.6130426,0.7232673267326732,gumbel_soft
19,0.61829937,test,0.61113024,0.7172122021821421,gumbel_soft
20,0.6143641,train,0.6129753,0.7156531066919712,gumbel_soft
20,0.6143641,val,0.6293031,0.7146039603960396,gumbel_soft
20,0.6143641,test,0.6170695,0.70875083500334,gumbel_soft
21,0.60708916,train,0.6101073,0.7158731468493,gumbel_soft
21,0.60708916,val,0.6144348,0.7168316831683168,gumbel_soft
21,0.60708916,test,0.60981685,0.7238922289022489,gumbel_soft
22,0.6066073,train,0.60197663,0.7197788596418846,gumbel_soft
22,0.6066073,val,0.6066223,0.7227722772277227,gumbel_soft
22,0.6066073,test,0.6053213,0.7194388777555111,gumbel_soft
23,0.6118171,train,0.6095426,0.7231894820804797,gumbel_soft
23,0.6118171,val,0.61321485,0.7222772277227723,gumbel_soft
23,0.6118171,test,0.61005956,0.7167668670674683,gumbel_soft
24,0.60922027,train,0.60199517,0.7232995021591441,gumbel_soft
24,0.60922027,val,0.6092849,0.7193069306930693,gumbel_soft
24,0.60922027,test,0.6069805,0.725896236918281,gumbel_soft
25,0.6060495,train,0.60202146,0.718321093599582,gumbel_soft
25,0.6060495,val,0.60454255,0.7235148514851485,gumbel_soft
25,0.6060495,test,0.60682875,0.713204186150078,gumbel_soft
26,0.5986931,train,0.60191286,0.719861374700883,gumbel_soft
26,0.5986931,val,0.61053777,0.717079207920792,gumbel_soft
26,0.5986931,test,0.5973821,0.7276775773769761,gumbel_soft
27,0.6002879,train,0.60370725,0.7167533074786149,gumbel_soft
27,0.6002879,val,0.6139938,0.7121287128712871,gumbel_soft
27,0.6002879,test,0.60289353,0.7181028724114896,gumbel_soft
28,0.601923,train,0.5986538,0.7229419369034848,gumbel_soft
28,0.601923,val,0.6205498,0.718069306930693,gumbel_soft
28,0.601923,test,0.6067201,0.7176575372968158,gumbel_soft
29,0.60016465,train,0.6003694,0.7205765052122012,gumbel_soft
29,0.60016465,val,0.600026,0.720049504950495,gumbel_soft
29,0.60016465,test,0.59986156,0.7230015586729014,gumbel_soft
30,0.6007581,train,0.59785634,0.7239321176114641,gumbel_soft
30,0.6007581,val,0.6029739,0.7289603960396039,gumbel_soft
30,0.6007581,test,0.59693766,0.7192162101981742,gumbel_soft
31,0.5985029,train,0.605299,0.7236845724344693,gumbel_soft
31,0.5985029,val,0.59630597,0.7264851485148515,gumbel_soft
31,0.5985029,test,0.6057476,0.7209975506568693,gumbel_soft
32,0.6008079,train,0.6039458,0.7204664851335368,gumbel_soft
32,0.6008079,val,0.60580707,0.7202970297029703,gumbel_soft
32,0.6008079,test,0.6119658,0.7158761968381206,gumbel_soft
33,0.6068261,train,0.6068103,0.7143603707676651,gumbel_soft
33,0.6068261,val,0.6119272,0.7158415841584158,gumbel_soft
33,0.6068261,test,0.6071973,0.7158761968381206,gumbel_soft
34,0.6009569,train,0.6014062,0.722996946942817,gumbel_soft
34,0.6009569,val,0.59704435,0.723019801980198,gumbel_soft
34,0.6009569,test,0.60230213,0.7205522155421955,gumbel_soft
35,0.60273904,train,0.59910154,0.7282779107187062,gumbel_soft
35,0.60273904,val,0.5963547,0.7321782178217822,gumbel_soft
35,0.60273904,test,0.6041649,0.7232242262302383,gumbel_soft
36,0.6024667,train,0.5971578,0.7248947932997772,gumbel_soft
36,0.6024667,val,0.5911595,0.7284653465346534,gumbel_soft
36,0.6024667,test,0.5977642,0.7225562235582276,gumbel_soft
37,0.60339665,train,0.60054785,0.7113073135847292,gumbel_soft
37,0.60339665,val,0.6060956,0.7106435643564356,gumbel_soft
37,0.60339665,test,0.59555626,0.7250055666889335,gumbel_soft
38,0.59679383,train,0.5937154,0.7173034078719366,gumbel_soft
38,0.59679383,val,0.59437364,0.7131188118811881,gumbel_soft
38,0.59679383,test,0.60324895,0.7154308617234469,gumbel_soft
39,0.59451365,train,0.5941812,0.7248397832604451,gumbel_soft
39,0.59451365,val,0.59942466,0.7227722772277227,gumbel_soft
39,0.59451365,test,0.5929686,0.7225562235582276,gumbel_soft
40,0.5976446,train,0.5959636,0.7199988997992134,gumbel_soft
40,0.5976446,val,0.60099983,0.7217821782178218,gumbel_soft
40,0.5976446,test,0.6020165,0.7169895346248052,gumbel_soft
41,0.59628326,train,0.60253185,0.722666886706824,gumbel_soft
41,0.59628326,val,0.6056959,0.7185643564356435,gumbel_soft
41,0.59628326,test,0.5990751,0.7227788911155645,gumbel_soft
42,0.6024122,train,0.59362316,0.7209065654481943,gumbel_soft
42,0.6024122,val,0.6012114,0.7136138613861386,gumbel_soft
42,0.6024122,test,0.59101087,0.72812291249165,gumbel_soft
43,0.5942803,train,0.59393865,0.7216492009791787,gumbel_soft
43,0.5942803,val,0.59571534,0.7267326732673267,gumbel_soft
43,0.5942803,test,0.600539,0.7194388777555111,gumbel_soft
44,0.5902173,train,0.5883767,0.7171383777539401,gumbel_soft
44,0.5902173,val,0.59148437,0.7195544554455445,gumbel_soft
44,0.5902173,test,0.58550006,0.7290135827209976,gumbel_soft
45,0.5941023,train,0.60091794,0.7199438897598812,gumbel_soft
45,0.5941023,val,0.58751196,0.7262376237623762,gumbel_soft
45,0.5941023,test,0.5810028,0.7276775773769761,gumbel_soft
46,0.5863157,train,0.5976528,0.7184586186979124,gumbel_soft
46,0.5863157,val,0.5894503,0.7289603960396039,gumbel_soft
46,0.5863157,test,0.6433945,0.7016254731685594,gumbel_soft
47,0.5951338,train,0.5911749,0.7226118766674918,gumbel_soft
47,0.5951338,val,0.6027066,0.7185643564356435,gumbel_soft
47,0.5951338,test,0.58696985,0.7181028724114896,gumbel_soft
48,0.6002782,train,0.60125905,0.7156256016723052,gumbel_soft
48,0.6002782,val,0.60869145,0.7153465346534653,gumbel_soft
48,0.6002782,test,0.5912377,0.7299042529503451,gumbel_soft
49,0.5907889,train,0.5878206,0.7245097230244519,gumbel_soft
49,0.5907889,val,0.5839794,0.7264851485148515,gumbel_soft
49,0.5907889,test,0.5869423,0.7176575372968158,gumbel_soft
50,0.5882301,train,0.582596,0.7256924388700938,gumbel_soft
50,0.5882301,val,0.5832376,0.7289603960396039,gumbel_soft
50,0.5882301,test,0.5874599,0.7221108884435538,gumbel_soft
51,0.5891678,train,0.59261435,0.7247572682014468,gumbel_soft
51,0.5891678,val,0.5986155,0.719059405940594,gumbel_soft
51,0.5891678,test,0.58760864,0.730126920507682,gumbel_soft
52,0.5853718,train,0.58740366,0.7181560634815853,gumbel_soft
52,0.5853718,val,0.59858346,0.7212871287128713,gumbel_soft
52,0.5853718,test,0.5863953,0.7203295479848586,gumbel_soft
53,0.5833919,train,0.58592933,0.7165882773606184,gumbel_soft
53,0.5833919,val,0.58444023,0.7289603960396039,gumbel_soft
53,0.5833919,test,0.58757997,0.7209975506568693,gumbel_soft
54,0.5907173,train,0.58673394,0.7214016558021838,gumbel_soft
54,0.5907173,val,0.5810797,0.7188118811881188,gumbel_soft
54,0.5907173,test,0.5806441,0.730126920507682,gumbel_soft
55,0.6090505,train,0.583395,0.7190912341502325,gumbel_soft
55,0.6090505,val,0.59154564,0.718069306930693,gumbel_soft
55,0.6090505,test,0.5930269,0.7299042529503451,gumbel_soft
56,0.58357984,train,0.5825338,0.7265450944797426,gumbel_soft
56,0.58357984,val,0.5744322,0.7289603960396039,gumbel_soft
56,0.58357984,test,0.5792494,0.725896236918281,gumbel_soft
57,0.593078,train,0.5776088,0.7311109277443133,gumbel_soft
57,0.593078,val,0.5726803,0.7324257425742574,gumbel_soft
57,0.593078,test,0.5775852,0.7312402582943666,gumbel_soft
58,0.5804252,train,0.5779176,0.7253348736144346,gumbel_soft
58,0.5804252,val,0.58496845,0.718069306930693,gumbel_soft
58,0.5804252,test,0.5845818,0.7243375640169227,gumbel_soft
59,0.5840735,train,0.57490253,0.7268201446764034,gumbel_soft
59,0.5840735,val,0.5813545,0.7319306930693069,gumbel_soft
59,0.5840735,test,0.5764586,0.7241148964595858,gumbel_soft
60,0.581043,train,0.57009983,0.7259949940864208,gumbel_soft
60,0.581043,val,0.5780279,0.7254950495049505,gumbel_soft
60,0.581043,test,0.58629364,0.7312402582943666,gumbel_soft
61,0.5749558,train,0.5738497,0.7259399840470886,gumbel_soft
61,0.5749558,val,0.56739455,0.7272277227722772,gumbel_soft
61,0.5749558,test,0.5725125,0.723669561344912,gumbel_soft
62,0.5747369,train,0.5723475,0.7230519569821492,gumbel_soft
62,0.5747369,val,0.5730942,0.7252475247524752,gumbel_soft
62,0.5747369,test,0.57288253,0.7145401914940993,gumbel_soft
63,0.5744718,train,0.5749692,0.7229419369034848,gumbel_soft
63,0.5744718,val,0.5709292,0.7274752475247525,gumbel_soft
63,0.5744718,test,0.57016444,0.7296815853930082,gumbel_soft
64,0.5776098,train,0.572416,0.7255549137717634,gumbel_soft
64,0.5776098,val,0.5758411,0.722029702970297,gumbel_soft
64,0.5776098,test,0.57422626,0.7310175907370297,gumbel_soft
65,0.5751568,train,0.57663596,0.7258024589487582,gumbel_soft
65,0.5751568,val,0.5941551,0.7193069306930693,gumbel_soft
65,0.5751568,test,0.57396287,0.7250055666889335,gumbel_soft
66,0.5765164,train,0.57566416,0.7236295623951371,gumbel_soft
66,0.5765164,val,0.5751094,0.7225247524752475,gumbel_soft
66,0.5765164,test,0.57868326,0.7290135827209976,gumbel_soft
67,0.57272863,train,0.5727856,0.7298732018593393,gumbel_soft
67,0.57272863,val,0.57089293,0.7294554455445544,gumbel_soft
67,0.57272863,test,0.56525815,0.7254509018036072,gumbel_soft
68,0.57382864,train,0.58359843,0.7268201446764034,gumbel_soft
68,0.57382864,val,0.5740772,0.7299504950495049,gumbel_soft
68,0.57382864,test,0.573415,0.7265642395902917,gumbel_soft
69,0.5707435,train,0.56766355,0.7266551145584069,gumbel_soft
69,0.5707435,val,0.571539,0.7225247524752475,gumbel_soft
69,0.5707435,test,0.57129353,0.7361389445557782,gumbel_soft
70,0.56710047,train,0.5667736,0.7250598234177738,gumbel_soft
70,0.56710047,val,0.5687611,0.722029702970297,gumbel_soft
70,0.56710047,test,0.5721321,0.7221108884435538,gumbel_soft
71,0.56809425,train,0.5737541,0.7239046125917981,gumbel_soft
71,0.56809425,val,0.5726118,0.725,gumbel_soft
71,0.56809425,test,0.576349,0.7303495880650189,gumbel_soft
72,0.5746785,train,0.5686013,0.7265175894600765,gumbel_soft
72,0.5746785,val,0.5723857,0.7242574257425742,gumbel_soft
72,0.5746785,test,0.5695327,0.7227788911155645,gumbel_soft
73,0.5682986,train,0.5640337,0.7297356767610089,gumbel_soft
73,0.5682986,val,0.5695543,0.7272277227722772,gumbel_soft
73,0.5682986,test,0.5789645,0.7250055666889335,gumbel_soft
74,0.5713391,train,0.5758885,0.7227494017658223,gumbel_soft
74,0.5713391,val,0.5720921,0.7262376237623762,gumbel_soft
74,0.5713391,test,0.57043904,0.7270095747049655,gumbel_soft
75,0.5668337,train,0.5675968,0.7233270071788102,gumbel_soft
75,0.5668337,val,0.57216144,0.7287128712871287,gumbel_soft
75,0.5668337,test,0.58011025,0.7292362502783345,gumbel_soft
76,0.5692926,train,0.5657153,0.728222900679374,gumbel_soft
76,0.5692926,val,0.58237576,0.7227722772277227,gumbel_soft
76,0.5692926,test,0.5669499,0.732353596081051,gumbel_soft
77,0.5699441,train,0.56640786,0.7277553153450504,gumbel_soft
77,0.5699441,val,0.5671385,0.722029702970297,gumbel_soft
77,0.5699441,test,0.57401717,0.7290135827209976,gumbel_soft
78,0.5674979,train,0.5703641,0.7304508072723273,gumbel_soft
78,0.5674979,val,0.5716665,0.725,gumbel_soft
78,0.5674979,test,0.5760574,0.725896236918281,gumbel_soft
79,0.5669154,train,0.56686777,0.7271502049123965,gumbel_soft
79,0.5669154,val,0.5697146,0.724009900990099,gumbel_soft
79,0.5669154,test,0.56621045,0.7303495880650189,gumbel_soft
80,0.5641124,train,0.5693218,0.729158071348021,gumbel_soft
80,0.5641124,val,0.56341255,0.7336633663366336,gumbel_soft
80,0.5641124,test,0.56606674,0.7252282342462704,gumbel_soft
81,0.56995445,train,0.57900214,0.7249498033391094,gumbel_soft
81,0.56995445,val,0.57287276,0.7272277227722772,gumbel_soft
81,0.56995445,test,0.5726511,0.7223335560008907,gumbel_soft
82,0.56775284,train,0.5786512,0.7238220975327997,gumbel_soft
82,0.56775284,val,0.57300884,0.7217821782178218,gumbel_soft
82,0.56775284,test,0.5637572,0.7336896014250723,gumbel_soft
83,0.5661872,train,0.59248143,0.7183761036389141,gumbel_soft
83,0.5661872,val,0.5808467,0.7304455445544554,gumbel_soft
83,0.5661872,test,0.6193341,0.7143175239367624,gumbel_soft
84,0.59023005,train,0.5967296,0.7229144318838188,gumbel_soft
84,0.59023005,val,0.59118235,0.725,gumbel_soft
84,0.59023005,test,0.5995003,0.7120908483633934,gumbel_soft
85,0.5838081,train,0.5746252,0.730698352449322,gumbel_soft
85,0.5838081,val,0.6141941,0.7150990099009901,gumbel_soft
85,0.5838081,test,0.58507323,0.7232242262302383,gumbel_soft
86,0.5775644,train,0.57359374,0.7277828203647165,gumbel_soft
86,0.5775644,val,0.5713976,0.724009900990099,gumbel_soft
86,0.5775644,test,0.57169616,0.7192162101981742,gumbel_soft
87,0.5780651,train,0.56589156,0.7321011084522926,gumbel_soft
87,0.5780651,val,0.58027095,0.7309405940594059,gumbel_soft
87,0.5780651,test,0.57392794,0.7207748830995324,gumbel_soft
88,0.5703856,train,0.5714808,0.7244272079654537,gumbel_soft
88,0.5703856,val,0.5702243,0.7304455445544554,gumbel_soft
88,0.5703856,test,0.5759205,0.7247828991315965,gumbel_soft
89,0.57378215,train,0.5664184,0.7296256566823446,gumbel_soft
89,0.57378215,val,0.57446635,0.7326732673267327,gumbel_soft
89,0.57378215,test,0.57288694,0.7218882208862168,gumbel_soft
90,0.5685325,train,0.5682185,0.7295156366036801,gumbel_soft
90,0.5685325,val,0.5778475,0.7277227722772277,gumbel_soft
90,0.5685325,test,0.5674484,0.7250055666889335,gumbel_soft
91,0.5713306,train,0.56633115,0.7246472481227824,gumbel_soft
91,0.5713306,val,0.6388261,0.7242574257425742,gumbel_soft
91,0.5713306,test,0.5720053,0.7172122021821421,gumbel_soft
92,0.5663345,train,0.56527996,0.7302032620953324,gumbel_soft
92,0.5663345,val,0.57516056,0.7297029702970297,gumbel_soft
92,0.5663345,test,0.5810953,0.727900244934313,gumbel_soft
93,0.56831145,train,0.5641586,0.731963583353962,gumbel_soft
93,0.56831145,val,0.56593525,0.7297029702970297,gumbel_soft
93,0.56831145,test,0.5698133,0.7274549098196392,gumbel_soft
94,0.5676175,train,0.5638043,0.7258574689880903,gumbel_soft
94,0.5676175,val,0.5659393,0.7252475247524752,gumbel_soft
94,0.5676175,test,0.5697771,0.727900244934313,gumbel_soft
95,0.56651795,train,0.5737567,0.724537228044118,gumbel_soft
95,0.56651795,val,0.5721182,0.7299504950495049,gumbel_soft
95,0.56651795,test,0.57447684,0.7230015586729014,gumbel_soft
96,0.57132864,train,0.5688569,0.7278103253843826,gumbel_soft
96,0.57132864,val,0.569667,0.7247524752475247,gumbel_soft
96,0.57132864,test,0.57566607,0.7227788911155645,gumbel_soft
97,0.56813604,train,0.564017,0.72635255934208,gumbel_soft
97,0.56813604,val,0.62578946,0.7232673267326732,gumbel_soft
97,0.56813604,test,0.5766062,0.7138721888220886,gumbel_soft
98,0.5694984,train,0.56607515,0.726682619578073,gumbel_soft
98,0.5694984,val,0.570794,0.7289603960396039,gumbel_soft
98,0.5694984,test,0.5681354,0.7330215987530617,gumbel_soft
99,0.5665107,train,0.56771487,0.728552960915367,gumbel_soft
99,0.5665107,val,0.57257074,0.7245049504950495,gumbel_soft
99,0.5665107,test,0.56722254,0.7307949231796927,gumbel_soft
100,0.57540333,train,0.5665546,0.725747448909426,gumbel_soft
100,0.57540333,val,0.68369263,0.7121287128712871,gumbel_soft
100,0.57540333,test,0.57873046,0.7270095747049655,gumbel_soft
101,0.58695716,train,0.59566337,0.7199163847402151,gumbel_soft
101,0.58695716,val,0.5702446,0.7193069306930693,gumbel_soft
101,0.58695716,test,0.5726412,0.7158761968381206,gumbel_soft
102,0.591171,train,0.58405143,0.7255824187914295,gumbel_soft
102,0.591171,val,0.58006895,0.7205445544554455,gumbel_soft
102,0.591171,test,0.61039793,0.7307949231796927,gumbel_soft
103,0.57950747,train,0.57505727,0.7282779107187062,gumbel_soft
103,0.57950747,val,0.5699293,0.7314356435643564,gumbel_soft
103,0.57950747,test,0.5752959,0.7250055666889335,gumbel_soft
104,0.57848996,train,0.5786287,0.7247022581621145,gumbel_soft
104,0.57848996,val,0.5774672,0.7282178217821782,gumbel_soft
104,0.57848996,test,0.56694865,0.725896236918281,gumbel_soft
105,0.5742026,train,0.5772682,0.725142338476772,gumbel_soft
105,0.5742026,val,0.57496035,0.725,gumbel_soft
105,0.5742026,test,0.5787565,0.7290135827209976,gumbel_soft
106,0.57444024,train,0.5778586,0.7266551145584069,gumbel_soft
106,0.57444024,val,0.5694311,0.7267326732673267,gumbel_soft
106,0.57444024,test,0.57409525,0.7303495880650189,gumbel_soft
107,0.5782913,train,0.5714356,0.7291855763676871,gumbel_soft
107,0.5782913,val,0.56956404,0.7321782178217822,gumbel_soft
107,0.5782913,test,0.5715051,0.7223335560008907,gumbel_soft
108,0.5703621,train,0.5772729,0.7208790604285282,gumbel_soft
108,0.5703621,val,0.5723906,0.7252475247524752,gumbel_soft
108,0.5703621,test,0.56938136,0.725896236918281,gumbel_soft
109,0.57407093,train,0.57677406,0.7274527601287235,gumbel_soft
109,0.57407093,val,0.5756226,0.7235148514851485,gumbel_soft
109,0.57407093,test,0.57180923,0.7243375640169227,gumbel_soft
110,0.57730836,train,0.58251745,0.7234920372968067,gumbel_soft
110,0.57730836,val,0.57427335,0.724009900990099,gumbel_soft
110,0.57730836,test,0.5744802,0.7334669338677354,gumbel_soft
111,0.57559055,train,0.57600766,0.7245647330637841,gumbel_soft
111,0.57559055,val,0.56785744,0.7235148514851485,gumbel_soft
111,0.57559055,test,0.5728983,0.7218882208862168,gumbel_soft
112,0.57235694,train,0.56550807,0.7287179910333635,gumbel_soft
112,0.57235694,val,0.5683435,0.721039603960396,gumbel_soft
112,0.57235694,test,0.570855,0.7254509018036072,gumbel_soft
113,0.575183,train,0.5762212,0.7259399840470886,gumbel_soft
113,0.575183,val,0.5641296,0.7252475247524752,gumbel_soft
113,0.575183,test,0.5909463,0.7272322422623024,gumbel_soft
114,0.58547187,train,0.58071595,0.7244822180047858,gumbel_soft
114,0.58547187,val,0.5916521,0.7217821782178218,gumbel_soft
114,0.58547187,test,0.57901686,0.7194388777555111,gumbel_soft
115,0.5888578,train,0.5908588,0.7243721979261215,gumbel_soft
115,0.5888578,val,0.5798409,0.7274752475247525,gumbel_soft
115,0.5888578,test,0.60077757,0.7216655533288799,gumbel_soft
116,0.5818257,train,0.5783553,0.7255549137717634,gumbel_soft
116,0.5818257,val,0.58414614,0.723019801980198,gumbel_soft
116,0.5818257,test,0.59011716,0.7341349365397462,gumbel_soft
117,0.5780299,train,0.5781289,0.7251973485161042,gumbel_soft
117,0.5780299,val,0.58027774,0.7227722772277227,gumbel_soft
117,0.5780299,test,0.5841869,0.7285682476063238,gumbel_soft
118,0.58582073,train,0.5781082,0.7246197431031163,gumbel_soft
118,0.58582073,val,0.5777837,0.7287128712871287,gumbel_soft
118,0.58582073,test,0.58273834,0.7223335560008907,gumbel_soft
119,0.5860182,train,0.57380635,0.7248397832604451,gumbel_soft
119,0.5860182,val,0.59028924,0.7148514851485148,gumbel_soft
119,0.5860182,test,0.5910687,0.7201068804275217,gumbel_soft
120,0.5905596,train,0.5786704,0.7238220975327997,gumbel_soft
120,0.5905596,val,0.57307136,0.7267326732673267,gumbel_soft
120,0.5905596,test,0.57505494,0.7312402582943666,gumbel_soft
121,0.58241236,train,0.593006,0.7209890805071926,gumbel_soft
121,0.58241236,val,0.5699935,0.7331683168316832,gumbel_soft
121,0.58241236,test,0.5782542,0.7203295479848586,gumbel_soft
122,0.5785537,train,0.5770015,0.7240421376901285,gumbel_soft
122,0.5785537,val,0.590999,0.7198019801980198,gumbel_soft
122,0.5785537,test,0.58202237,0.7196615453128479,gumbel_soft
123,0.58310366,train,0.5806811,0.7253623786341007,gumbel_soft
123,0.58310366,val,0.5869772,0.7232673267326732,gumbel_soft
123,0.58310366,test,0.62031907,0.7225562235582276,gumbel_soft
124,0.57911414,train,0.5754019,0.7251148334571059,gumbel_soft
124,0.57911414,val,0.56983876,0.7316831683168317,gumbel_soft
124,0.57911414,test,0.57401425,0.7198842128701848,gumbel_soft
125,0.57270163,train,0.5805946,0.7228594218444866,gumbel_soft
125,0.57270163,val,0.5720926,0.7245049504950495,gumbel_soft
125,0.57270163,test,0.5766767,0.7136495212647517,gumbel_soft
126,0.57822376,train,0.5816133,0.7215391809005144,gumbel_soft
126,0.57822376,val,0.5668569,0.7227722772277227,gumbel_soft
126,0.57822376,test,0.58407015,0.7230015586729014,gumbel_soft
127,0.5744342,train,0.5900388,0.7240421376901285,gumbel_soft
127,0.5744342,val,0.5670155,0.7287128712871287,gumbel_soft
127,0.5744342,test,0.58031136,0.7283455800489869,gumbel_soft
128,0.58300465,train,0.583268,0.7240146326704624,gumbel_soft
128,0.58300465,val,0.6031777,0.7272277227722772,gumbel_soft
128,0.58300465,test,0.6250859,0.706746826987308,gumbel_soft
129,0.57824653,train,0.57831985,0.723271997139478,gumbel_soft
129,0.57824653,val,0.5814763,0.7195544554455445,gumbel_soft
129,0.57824653,test,0.57167137,0.727900244934313,gumbel_soft
130,0.57974404,train,0.5719347,0.7283054157383723,gumbel_soft
130,0.57974404,val,0.5729435,0.7306930693069307,gumbel_soft
130,0.57974404,test,0.5763496,0.7207748830995324,gumbel_soft
131,0.5701826,train,0.57546675,0.7197238496025524,gumbel_soft
131,0.5701826,val,0.5718719,0.7212871287128713,gumbel_soft
131,0.5701826,test,0.5821574,0.7063014918726341,gumbel_soft
132,0.5843862,train,0.575018,0.7296531617020107,gumbel_soft
132,0.5843862,val,0.5733226,0.7309405940594059,gumbel_soft
132,0.5843862,test,0.5721311,0.7334669338677354,gumbel_soft
133,0.57158995,train,0.5766555,0.7261600242044173,gumbel_soft
133,0.57158995,val,0.57885635,0.7272277227722772,gumbel_soft
133,0.57158995,test,0.6074249,0.71520819416611,gumbel_soft
134,0.5758251,train,0.58082706,0.7208240503891961,gumbel_soft
134,0.5758251,val,0.5840624,0.7165841584158416,gumbel_soft
134,0.5758251,test,0.5731007,0.7118681808060565,gumbel_soft
135,0.5701102,train,0.5817547,0.7239871276507963,gumbel_soft
135,0.5701102,val,0.5788158,0.7277227722772277,gumbel_soft
135,0.5701102,test,0.6205421,0.7129815185927411,gumbel_soft
136,0.57726383,train,0.57924706,0.7231619770608136,gumbel_soft
136,0.57726383,val,0.6038632,0.7222772277227723,gumbel_soft
136,0.57726383,test,0.57272166,0.7256735693609441,gumbel_soft
137,0.5835317,train,0.5781191,0.7242896828671233,gumbel_soft
137,0.5835317,val,0.5734085,0.7274752475247525,gumbel_soft
137,0.5835317,test,0.57520455,0.7232242262302383,gumbel_soft
138,0.57201225,train,0.5705214,0.7235745523558049,gumbel_soft
138,0.57201225,val,0.5694979,0.7242574257425742,gumbel_soft
138,0.57201225,test,0.5773339,0.7165441995101314,gumbel_soft
139,0.5804564,train,0.5858322,0.7132601699810215,gumbel_soft
139,0.5804564,val,0.5894222,0.7061881188118811,gumbel_soft
139,0.5804564,test,0.58919847,0.7123135159207303,gumbel_soft
140,0.58639294,train,0.578462,0.7171933877932722,gumbel_soft
140,0.58639294,val,0.64776963,0.7185643564356435,gumbel_soft
140,0.58639294,test,0.666233,0.7040748162992652,gumbel_soft
141,0.5890041,train,0.58981335,0.7211541106251891,gumbel_soft
141,0.5890041,val,0.58580697,0.721039603960396,gumbel_soft
141,0.5890041,test,0.5877251,0.7203295479848586,gumbel_soft
142,0.58463943,train,0.58109945,0.7225018565888275,gumbel_soft
142,0.58463943,val,0.58289915,0.724009900990099,gumbel_soft
142,0.58463943,test,0.5982095,0.7156535292807837,gumbel_soft
143,0.5800973,train,0.5836023,0.7228319168248205,gumbel_soft
143,0.5800973,val,0.5841912,0.7227722772277227,gumbel_soft
143,0.5800973,test,0.5879545,0.7187708750835003,gumbel_soft
144,0.5778902,train,0.5758891,0.7167258024589488,gumbel_soft
144,0.5778902,val,0.5719506,0.7282178217821782,gumbel_soft
144,0.5778902,test,0.5946439,0.7187708750835003,gumbel_soft
145,0.577105,train,0.5774799,0.7271226998927304,gumbel_soft
145,0.577105,val,0.5762547,0.7314356435643564,gumbel_soft
145,0.577105,test,0.57013917,0.7274549098196392,gumbel_soft
146,0.5757269,train,0.57299405,0.7279753555023791,gumbel_soft
146,0.5757269,val,0.5764477,0.723019801980198,gumbel_soft
146,0.5757269,test,0.57132894,0.7252282342462704,gumbel_soft
147,0.57854563,train,0.5735231,0.7286904860136975,gumbel_soft
147,0.57854563,val,0.5788027,0.7319306930693069,gumbel_soft
147,0.57854563,test,0.57583946,0.7243375640169227,gumbel_soft
148,0.57343876,train,0.5764127,0.7257749539290921,gumbel_soft
148,0.57343876,val,0.5761491,0.7309405940594059,gumbel_soft
148,0.57343876,test,0.58257776,0.7172122021821421,gumbel_soft
149,0.58254135,train,0.5919036,0.7181835685012514,gumbel_soft
149,0.58254135,val,0.6258989,0.7084158415841584,gumbel_soft
149,0.58254135,test,0.5782741,0.7234468937875751,gumbel_soft
150,0.575988,train,0.59007335,0.7213741507825178,gumbel_soft
150,0.575988,val,0.58776647,0.7185643564356435,gumbel_soft
150,0.575988,test,0.59392935,0.7169895346248052,gumbel_soft
151,0.62007415,train,0.5996215,0.7222818164314988,gumbel_soft
151,0.62007415,val,0.5926924,0.7245049504950495,gumbel_soft
151,0.62007415,test,0.61339504,0.7176575372968158,gumbel_soft
152,0.60291344,train,0.59941566,0.7160381769672965,gumbel_soft
152,0.60291344,val,0.6203941,0.7150990099009901,gumbel_soft
152,0.60291344,test,0.6148059,0.7156535292807837,gumbel_soft
153,0.5950188,train,0.5982304,0.7192837692878951,gumbel_soft
153,0.5950188,val,0.6002588,0.7245049504950495,gumbel_soft
153,0.5950188,test,0.5989376,0.7183255399688265,gumbel_soft
154,0.59284586,train,0.6033614,0.7221993013725004,gumbel_soft
154,0.59284586,val,0.60356814,0.7242574257425742,gumbel_soft
154,0.59284586,test,0.624858,0.7183255399688265,gumbel_soft
155,0.59917307,train,0.5939636,0.724812278240779,gumbel_soft
155,0.59917307,val,0.64697546,0.7173267326732673,gumbel_soft
155,0.59917307,test,0.5982503,0.7250055666889335,gumbel_soft
156,0.59974474,train,0.60499483,0.7197513546222185,gumbel_soft
156,0.59974474,val,0.59156406,0.7247524752475247,gumbel_soft
156,0.59974474,test,0.5898309,0.7230015586729014,gumbel_soft
157,0.5962088,train,0.59039253,0.722666886706824,gumbel_soft
157,0.5962088,val,0.6063357,0.722029702970297,gumbel_soft
157,0.5962088,test,0.59820795,0.7176575372968158,gumbel_soft
158,0.5914399,train,0.59030277,0.7201364248975438,gumbel_soft
158,0.5914399,val,0.5937654,0.7195544554455445,gumbel_soft
158,0.5914399,test,0.5914179,0.7230015586729014,gumbel_soft
159,0.60066694,train,0.59050417,0.7245922380834502,gumbel_soft
159,0.60066694,val,0.6007948,0.7202970297029703,gumbel_soft
159,0.60066694,test,0.59427667,0.7221108884435538,gumbel_soft
160,0.58979553,train,0.59151083,0.7233270071788102,gumbel_soft
160,0.58979553,val,0.59260565,0.7232673267326732,gumbel_soft
160,0.58979553,test,0.59733474,0.7296815853930082,gumbel_soft
161,0.5928033,train,0.5891091,0.7233820172181423,gumbel_soft
161,0.5928033,val,0.58867687,0.7237623762376237,gumbel_soft
161,0.5928033,test,0.59250396,0.7225562235582276,gumbel_soft
162,0.5904288,train,0.5881886,0.7232169871001458,gumbel_soft
162,0.5904288,val,0.58928066,0.7252475247524752,gumbel_soft
162,0.5904288,test,0.5937832,0.7245602315742596,gumbel_soft
163,0.5905036,train,0.5984035,0.7195313144648898,gumbel_soft
163,0.5905036,val,0.59330386,0.7188118811881188,gumbel_soft
163,0.5905036,test,0.6035983,0.7221108884435538,gumbel_soft
164,0.5894481,train,0.588329,0.7190912341502325,gumbel_soft
164,0.5894481,val,0.5869147,0.7232673267326732,gumbel_soft
164,0.5894481,test,0.6090262,0.7214428857715431,gumbel_soft
165,0.5905986,train,0.59236676,0.7206865252908656,gumbel_soft
165,0.5905986,val,0.5974312,0.7217821782178218,gumbel_soft
165,0.5905986,test,0.5900712,0.7261189044756179,gumbel_soft
166,0.5941376,train,0.5914822,0.7155155815936408,gumbel_soft
166,0.5941376,val,0.5926389,0.7277227722772277,gumbel_soft
166,0.5941376,test,0.5944237,0.7198842128701848,gumbel_soft
167,0.5992393,train,0.591976,0.7199438897598812,gumbel_soft
167,0.5992393,val,0.64538145,0.7079207920792079,gumbel_soft
167,0.5992393,test,0.5969947,0.7178802048541527,gumbel_soft
168,0.5949031,train,0.59542316,0.7068239953791567,gumbel_soft
168,0.5949031,val,0.6022926,0.7076732673267326,gumbel_soft
168,0.5949031,test,0.5992831,0.7123135159207303,gumbel_soft
169,0.5932189,train,0.59009284,0.7202189399565421,gumbel_soft
169,0.5932189,val,0.65546167,0.719059405940594,gumbel_soft
169,0.5932189,test,0.60984206,0.7094188376753507,gumbel_soft
170,0.5996665,train,0.59138066,0.724812278240779,gumbel_soft
170,0.5996665,val,0.60540444,0.7165841584158416,gumbel_soft
170,0.5996665,test,0.5930389,0.7189935426408373,gumbel_soft
171,0.5929398,train,0.5912774,0.7224193415298292,gumbel_soft
171,0.5929398,val,0.58927184,0.7254950495049505,gumbel_soft
171,0.5929398,test,0.5983081,0.7103095079046983,gumbel_soft
172,0.59161335,train,0.59264463,0.7151580163379817,gumbel_soft
172,0.59161335,val,0.6001554,0.7155940594059406,gumbel_soft
172,0.59161335,test,0.59749115,0.713204186150078,gumbel_soft
173,0.59324306,train,0.59275734,0.7247297631817807,gumbel_soft
173,0.59324306,val,0.63876635,0.7165841584158416,gumbel_soft
173,0.59324306,test,0.60420364,0.7169895346248052,gumbel_soft
174,0.5933427,train,0.59738296,0.7153780564953104,gumbel_soft
174,0.5933427,val,0.5889526,0.7252475247524752,gumbel_soft
174,0.5933427,test,0.5922834,0.7098641727900245,gumbel_soft
175,0.59199125,train,0.5875101,0.7229419369034848,gumbel_soft
175,0.59199125,val,0.5904313,0.7254950495049505,gumbel_soft
175,0.59199125,test,0.60183585,0.7178802048541527,gumbel_soft
176,0.5961045,train,0.5940802,0.719256264268229,gumbel_soft
176,0.5961045,val,0.5998204,0.7217821782178218,gumbel_soft
176,0.5961045,test,0.5961176,0.7189935426408373,gumbel_soft
177,0.5917552,train,0.5916062,0.7262700442830816,gumbel_soft
177,0.5917552,val,0.5932716,0.7274752475247525,gumbel_soft
177,0.5917552,test,0.5987313,0.717434869739479,gumbel_soft
178,0.5960599,train,0.5911786,0.7205490001925351,gumbel_soft
178,0.5960599,val,0.58897644,0.7237623762376237,gumbel_soft
178,0.5960599,test,0.6107976,0.7252282342462704,gumbel_soft
179,0.6002447,train,0.5959222,0.7180185383832549,gumbel_soft
179,0.6002447,val,0.59527206,0.7227722772277227,gumbel_soft
179,0.6002447,test,0.5902044,0.7276775773769761,gumbel_soft
180,0.6010747,train,0.59407514,0.7217867260775092,gumbel_soft
180,0.6010747,val,0.5981184,0.7222772277227723,gumbel_soft
180,0.6010747,test,0.5975029,0.717434869739479,gumbel_soft
181,0.59408885,train,0.59515387,0.7188436889732376,gumbel_soft
181,0.59408885,val,0.59528685,0.7217821782178218,gumbel_soft
181,0.59408885,test,0.5948443,0.7252282342462704,gumbel_soft
182,0.5926209,train,0.5900987,0.7229419369034848,gumbel_soft
182,0.5926209,val,0.5955855,0.7324257425742574,gumbel_soft
182,0.5926209,test,0.5965897,0.7205522155421955,gumbel_soft
183,0.5944203,train,0.590429,0.72206177627417,gumbel_soft
183,0.5944203,val,0.6035374,0.7173267326732673,gumbel_soft
183,0.5944203,test,0.59241444,0.7290135827209976,gumbel_soft
184,0.59257203,train,0.5935153,0.7219517561955057,gumbel_soft
184,0.59257203,val,0.59585947,0.7215346534653465,gumbel_soft
184,0.59257203,test,0.5935244,0.7181028724114896,gumbel_soft
185,0.595872,train,0.5968282,0.7249773083587755,gumbel_soft
185,0.595872,val,0.58865523,0.7316831683168317,gumbel_soft
185,0.595872,test,0.6020185,0.7172122021821421,gumbel_soft
186,0.59188986,train,0.59069335,0.7222543114118326,gumbel_soft
186,0.59188986,val,0.6009396,0.718069306930693,gumbel_soft
186,0.59188986,test,0.58746976,0.7312402582943666,gumbel_soft
187,0.5986771,train,0.5908194,0.7225018565888275,gumbel_soft
187,0.5986771,val,0.5884278,0.7252475247524752,gumbel_soft
187,0.5986771,test,0.59839344,0.7274549098196392,gumbel_soft
188,0.5993637,train,0.5904922,0.7250598234177738,gumbel_soft
188,0.5993637,val,0.59660804,0.7257425742574257,gumbel_soft
188,0.5993637,test,0.598036,0.7123135159207303,gumbel_soft
189,0.5917117,train,0.59079254,0.7227218967461562,gumbel_soft
189,0.5917117,val,0.5918497,0.7274752475247525,gumbel_soft
189,0.5917117,test,0.61405396,0.717434869739479,gumbel_soft
190,0.594558,train,0.6006319,0.7201364248975438,gumbel_soft
190,0.594558,val,0.6026073,0.721039603960396,gumbel_soft
190,0.594558,test,0.5986335,0.7185482075261634,gumbel_soft
191,0.59339964,train,0.591951,0.718348598619248,gumbel_soft
191,0.59339964,val,0.5962556,0.723019801980198,gumbel_soft
191,0.59339964,test,0.6016988,0.7120908483633934,gumbel_soft
192,0.59394336,train,0.5913808,0.7206590202711995,gumbel_soft
192,0.59394336,val,0.595311,0.7274752475247525,gumbel_soft
192,0.59394336,test,0.5951667,0.7203295479848586,gumbel_soft
193,0.59491813,train,0.5911014,0.7208240503891961,gumbel_soft
193,0.59491813,val,0.5904432,0.7297029702970297,gumbel_soft
193,0.59491813,test,0.6007692,0.7272322422623024,gumbel_soft
194,0.59890723,train,0.5942517,0.7202464449762082,gumbel_soft
194,0.59890723,val,0.5892373,0.7272277227722772,gumbel_soft
194,0.59890723,test,0.59628636,0.7156535292807837,gumbel_soft
195,0.5912975,train,0.5899854,0.7225843716478257,gumbel_soft
195,0.5912975,val,0.5870642,0.7326732673267327,gumbel_soft
195,0.5912975,test,0.5945628,0.7176575372968158,gumbel_soft
196,0.5913555,train,0.5890965,0.725747448909426,gumbel_soft
196,0.5913555,val,0.59349066,0.7254950495049505,gumbel_soft
196,0.5913555,test,0.5943781,0.7214428857715431,gumbel_soft
197,0.5908899,train,0.59146035,0.7178535082652584,gumbel_soft
197,0.5908899,val,0.59591395,0.7195544554455445,gumbel_soft
197,0.5908899,test,0.6000822,0.7212202182142062,gumbel_soft
198,0.59614307,train,0.5933991,0.7194212943862255,gumbel_soft
198,0.59614307,val,0.61436164,0.7141089108910891,gumbel_soft
198,0.59614307,test,0.5892995,0.727900244934313,gumbel_soft
199,0.5945539,train,0.59103835,0.7206865252908656,gumbel_soft
199,0.5945539,val,0.59534276,0.7195544554455445,gumbel_soft
199,0.5945539,test,0.6044347,0.7212202182142062,gumbel_soft
200,0.5944361,train,0.5948998,0.7173034078719366,gumbel_soft
200,0.5944361,val,0.5940719,0.7222772277227723,gumbel_soft
200,0.5944361,test,0.5915206,0.7230015586729014,gumbel_soft
201,0.59456176,train,0.59162086,0.719586324504222,gumbel_soft
201,0.59456176,val,0.5924498,0.7254950495049505,gumbel_soft
201,0.59456176,test,0.6034366,0.7118681808060565,gumbel_soft
202,0.59042186,train,0.58993024,0.724537228044118,gumbel_soft
202,0.59042186,val,0.59818894,0.7237623762376237,gumbel_soft
202,0.59042186,test,0.5984881,0.7196615453128479,gumbel_soft
203,0.590163,train,0.59749615,0.716808317517947,gumbel_soft
203,0.590163,val,0.6159686,0.7148514851485148,gumbel_soft
203,0.590163,test,0.5968211,0.71520819416611,gumbel_soft
204,0.5946295,train,0.5911693,0.7241521577687928,gumbel_soft
204,0.5946295,val,0.5977493,0.7148514851485148,gumbel_soft
204,0.5946295,test,0.59411675,0.7158761968381206,gumbel_soft
205,0.59458584,train,0.5921462,0.7202189399565421,gumbel_soft
205,0.59458584,val,0.58718044,0.7339108910891089,gumbel_soft
205,0.59458584,test,0.59404063,0.7127588510354042,gumbel_soft
206,0.59376067,train,0.5892378,0.7190912341502325,gumbel_soft
206,0.59376067,val,0.5928564,0.721039603960396,gumbel_soft
206,0.59376067,test,0.5876223,0.7192162101981742,gumbel_soft
207,0.593751,train,0.5944263,0.7213741507825178,gumbel_soft
207,0.593751,val,0.60486674,0.7173267326732673,gumbel_soft
207,0.593751,test,0.6031076,0.7214428857715431,gumbel_soft
208,0.5960767,train,0.59193027,0.7209615754875265,gumbel_soft
208,0.5960767,val,0.6043013,0.7163366336633663,gumbel_soft
208,0.5960767,test,0.5888684,0.7310175907370297,gumbel_soft
209,0.58853847,train,0.58955324,0.7173584179112688,gumbel_soft
209,0.58853847,val,0.58926266,0.7165841584158416,gumbel_soft
209,0.58853847,test,0.59037834,0.7296815853930082,gumbel_soft
210,0.5918842,train,0.5867387,0.7190087190912342,gumbel_soft
210,0.5918842,val,0.59284675,0.725990099009901,gumbel_soft
210,0.5918842,test,0.60638946,0.7047428189712759,gumbel_soft
211,0.5882589,train,0.5902241,0.7218967461561735,gumbel_soft
211,0.5882589,val,0.58269006,0.7227722772277227,gumbel_soft
211,0.5882589,test,0.5907538,0.7118681808060565,gumbel_soft
212,0.5882797,train,0.5940111,0.7195313144648898,gumbel_soft
212,0.5882797,val,0.59963495,0.7198019801980198,gumbel_soft
212,0.5882797,test,0.6071922,0.7223335560008907,gumbel_soft
213,0.599511,train,0.58770937,0.7205490001925351,gumbel_soft
213,0.599511,val,0.5819042,0.7222772277227723,gumbel_soft
213,0.599511,test,0.58785295,0.7160988643954576,gumbel_soft
214,0.593534,train,0.59112126,0.717413427950601,gumbel_soft
214,0.593534,val,0.5949594,0.7188118811881188,gumbel_soft
214,0.593534,test,0.6141832,0.7042974838566021,gumbel_soft
215,0.59037954,train,0.58887964,0.7172208928129383,gumbel_soft
215,0.59037954,val,0.6054906,0.7126237623762376,gumbel_soft
215,0.59037954,test,0.5880228,0.7136495212647517,gumbel_soft
216,0.5828514,train,0.5955743,0.7179635283439227,gumbel_soft
216,0.5828514,val,0.5914308,0.7205445544554455,gumbel_soft
216,0.5828514,test,0.62720954,0.7138721888220886,gumbel_soft
217,0.60372686,train,0.5909791,0.7206865252908656,gumbel_soft
217,0.60372686,val,0.5904264,0.7232673267326732,gumbel_soft
217,0.60372686,test,0.5894943,0.7136495212647517,gumbel_soft
218,0.5895151,train,0.58767754,0.719861374700883,gumbel_soft
218,0.5895151,val,0.5925714,0.7163366336633663,gumbel_soft
218,0.5895151,test,0.5849802,0.7294589178356713,gumbel_soft
219,0.5896057,train,0.583124,0.7174959430095993,gumbel_soft
219,0.5896057,val,0.5870452,0.7254950495049505,gumbel_soft
219,0.5896057,test,0.5820376,0.7143175239367624,gumbel_soft
220,0.58768845,train,0.59460163,0.7176884781472619,gumbel_soft
220,0.58768845,val,0.59926665,0.7212871287128713,gumbel_soft
220,0.58768845,test,0.5909271,0.717434869739479,gumbel_soft
221,0.5868169,train,0.58755136,0.719586324504222,gumbel_soft
221,0.5868169,val,0.6093288,0.7222772277227723,gumbel_soft
221,0.5868169,test,0.61305606,0.7051881540859497,gumbel_soft
222,0.5895107,train,0.5867658,0.7202189399565421,gumbel_soft
222,0.5895107,val,0.6135338,0.7195544554455445,gumbel_soft
222,0.5895107,test,0.5857794,0.7149855266087731,gumbel_soft
223,0.5856673,train,0.5871271,0.7208790604285282,gumbel_soft
223,0.5856673,val,0.5834343,0.7198019801980198,gumbel_soft
223,0.5856673,test,0.6007385,0.7209975506568693,gumbel_soft
224,0.60319364,train,0.59283715,0.7176884781472619,gumbel_soft
224,0.60319364,val,0.5865944,0.7168316831683168,gumbel_soft
224,0.60319364,test,0.5843066,0.7252282342462704,gumbel_soft
225,0.5816321,train,0.5934503,0.7227494017658223,gumbel_soft
225,0.5816321,val,0.58359385,0.7267326732673267,gumbel_soft
225,0.5816321,test,0.5909924,0.7176575372968158,gumbel_soft
226,0.5958059,train,0.5871409,0.7220067662348378,gumbel_soft
226,0.5958059,val,0.5879031,0.7292079207920792,gumbel_soft
226,0.5958059,test,0.5929209,0.7232242262302383,gumbel_soft
227,0.5869325,train,0.5895188,0.7108672332700718,gumbel_soft
227,0.5869325,val,0.6125177,0.7131188118811881,gumbel_soft
227,0.5869325,test,0.58459055,0.7163215319527945,gumbel_soft
228,0.5874352,train,0.58343804,0.7179085183045906,gumbel_soft
228,0.5874352,val,0.5894183,0.7254950495049505,gumbel_soft
228,0.5874352,test,0.58415574,0.7272322422623024,gumbel_soft
229,0.58722365,train,0.58307153,0.7202189399565421,gumbel_soft
229,0.58722365,val,0.58352786,0.7178217821782178,gumbel_soft
229,0.58722365,test,0.58053523,0.7263415720329548,gumbel_soft
230,0.5919036,train,0.58356756,0.7224468465494953,gumbel_soft
230,0.5919036,val,0.58571357,0.723019801980198,gumbel_soft
230,0.5919036,test,0.6142792,0.7154308617234469,gumbel_soft
231,0.58496344,train,0.59198844,0.7191187391698985,gumbel_soft
231,0.58496344,val,0.60447204,0.718069306930693,gumbel_soft
231,0.58496344,test,0.586404,0.7169895346248052,gumbel_soft
232,0.59067065,train,0.59122694,0.7196413345435542,gumbel_soft
232,0.59067065,val,0.5803628,0.722029702970297,gumbel_soft
232,0.59067065,test,0.58252764,0.7201068804275217,gumbel_soft
233,0.5921759,train,0.5941967,0.7130401298236928,gumbel_soft
233,0.5921759,val,0.58977795,0.7188118811881188,gumbel_soft
233,0.5921759,test,0.5927744,0.717434869739479,gumbel_soft
234,0.5979279,train,0.5861173,0.719888879720549,gumbel_soft
234,0.5979279,val,0.61012506,0.7198019801980198,gumbel_soft
234,0.5979279,test,0.5873133,0.7123135159207303,gumbel_soft
235,0.58764774,train,0.5919932,0.7182660835602498,gumbel_soft
235,0.58764774,val,0.6083252,0.7153465346534653,gumbel_soft
235,0.58764774,test,0.5834914,0.7230015586729014,gumbel_soft
236,0.5923772,train,0.58640313,0.7248947932997772,gumbel_soft
236,0.5923772,val,0.58600914,0.7227722772277227,gumbel_soft
236,0.5923772,test,0.598349,0.71520819416611,gumbel_soft
237,0.59373647,train,0.58944756,0.7194487994058916,gumbel_soft
237,0.59373647,val,0.5916405,0.7277227722772277,gumbel_soft
237,0.59373647,test,0.5907002,0.7160988643954576,gumbel_soft
238,0.5914328,train,0.59214,0.7155155815936408,gumbel_soft
238,0.5914328,val,0.5995423,0.7175742574257425,gumbel_soft
238,0.5914328,test,0.5906258,0.710977510576709,gumbel_soft
239,0.5889501,train,0.58502424,0.7197513546222185,gumbel_soft
239,0.5889501,val,0.5842996,0.7324257425742574,gumbel_soft
239,0.5889501,test,0.5867955,0.7165441995101314,gumbel_soft
240,0.588191,train,0.5855601,0.7177434881865941,gumbel_soft
240,0.588191,val,0.58278954,0.7205445544554455,gumbel_soft
240,0.588191,test,0.5972176,0.7201068804275217,gumbel_soft
241,0.5963329,train,0.59267217,0.7210440905465247,gumbel_soft
241,0.5963329,val,0.5852414,0.725,gumbel_soft
241,0.5963329,test,0.5827786,0.7160988643954576,gumbel_soft
242,0.58714336,train,0.5857085,0.7177984982259262,gumbel_soft
242,0.58714336,val,0.5868571,0.717079207920792,gumbel_soft
242,0.58714336,test,0.5851887,0.7234468937875751,gumbel_soft
243,0.5915841,train,0.5829325,0.7204939901532029,gumbel_soft
243,0.5915841,val,0.6004514,0.719059405940594,gumbel_soft
243,0.5915841,test,0.5831743,0.7270095747049655,gumbel_soft
244,0.58493954,train,0.5801512,0.7235470473361388,gumbel_soft
244,0.58493954,val,0.6123954,0.7227722772277227,gumbel_soft
244,0.58493954,test,0.5882554,0.7154308617234469,gumbel_soft
245,0.5941981,train,0.59075326,0.7238220975327997,gumbel_soft
245,0.5941981,val,0.59994376,0.7267326732673267,gumbel_soft
245,0.5941981,test,0.58481777,0.7252282342462704,gumbel_soft
246,0.59233314,train,0.5923755,0.7194763044255577,gumbel_soft
246,0.59233314,val,0.5875079,0.7274752475247525,gumbel_soft
246,0.59233314,test,0.58693147,0.7192162101981742,gumbel_soft
247,0.58983016,train,0.5783481,0.7205490001925351,gumbel_soft
247,0.58983016,val,0.58327657,0.725990099009901,gumbel_soft
247,0.58983016,test,0.5847758,0.710977510576709,gumbel_soft
248,0.5830751,train,0.5787948,0.7176609731275958,gumbel_soft
248,0.5830751,val,0.57840437,0.7163366336633663,gumbel_soft
248,0.5830751,test,0.6095182,0.7165441995101314,gumbel_soft
249,0.5783235,train,0.5779952,0.72079654536953,gumbel_soft
249,0.5783235,val,0.5820357,0.7235148514851485,gumbel_soft
249,0.5783235,test,0.57879317,0.7185482075261634,gumbel_soft
250,0.57710165,train,0.58205074,0.7188711939929037,gumbel_soft
250,0.57710165,val,0.5813391,0.722029702970297,gumbel_soft
250,0.57710165,test,0.57646906,0.7276775773769761,gumbel_soft
251,0.5776522,train,0.57711655,0.7213191407431856,gumbel_soft
251,0.5776522,val,0.57750154,0.7198019801980198,gumbel_soft
251,0.5776522,test,0.5750838,0.7287909151636607,gumbel_soft
252,0.5758312,train,0.5727128,0.7215941909398466,gumbel_soft
252,0.5758312,val,0.5737581,0.7198019801980198,gumbel_soft
252,0.5758312,test,0.57700247,0.7185482075261634,gumbel_soft
253,0.5891785,train,0.5778142,0.717413427950601,gumbel_soft
253,0.5891785,val,0.5780597,0.7227722772277227,gumbel_soft
253,0.5891785,test,0.58162117,0.7129815185927411,gumbel_soft
254,0.592148,train,0.5761949,0.7185686387765767,gumbel_soft
254,0.592148,val,0.57672095,0.7215346534653465,gumbel_soft
254,0.592148,test,0.57781804,0.7256735693609441,gumbel_soft
255,0.5880661,train,0.5769102,0.7209065654481943,gumbel_soft
255,0.5880661,val,0.5824704,0.7188118811881188,gumbel_soft
255,0.5880661,test,0.5782411,0.7261189044756179,gumbel_soft
256,0.5790188,train,0.58251,0.7174684379899332,gumbel_soft
256,0.5790188,val,0.57626903,0.7232673267326732,gumbel_soft
256,0.5790188,test,0.57887363,0.7145401914940993,gumbel_soft
257,0.5763581,train,0.5780799,0.7189537090519019,gumbel_soft
257,0.5763581,val,0.5751336,0.7205445544554455,gumbel_soft
257,0.5763581,test,0.5816819,0.713204186150078,gumbel_soft
258,0.57936096,train,0.5866032,0.7213466457628517,gumbel_soft
258,0.57936096,val,0.5749178,0.7284653465346534,gumbel_soft
258,0.57936096,test,0.57561636,0.7172122021821421,gumbel_soft
259,0.57689714,train,0.574247,0.7166707924196166,gumbel_soft
259,0.57689714,val,0.5766519,0.7160891089108911,gumbel_soft
259,0.57689714,test,0.58124405,0.7218882208862168,gumbel_soft
260,0.5865706,train,0.57551336,0.724537228044118,gumbel_soft
260,0.5865706,val,0.57616633,0.7257425742574257,gumbel_soft
260,0.5865706,test,0.5795663,0.7221108884435538,gumbel_soft
261,0.5762874,train,0.5773527,0.7200814148582116,gumbel_soft
261,0.5762874,val,0.57646465,0.7195544554455445,gumbel_soft
261,0.5762874,test,0.5814479,0.7243375640169227,gumbel_soft
262,0.57686126,train,0.57686836,0.7209890805071926,gumbel_soft
262,0.57686126,val,0.5791135,0.718069306930693,gumbel_soft
262,0.57686126,test,0.5772277,0.7263415720329548,gumbel_soft
263,0.5759537,train,0.57171077,0.7199163847402151,gumbel_soft
263,0.5759537,val,0.5770802,0.7165841584158416,gumbel_soft
263,0.5759537,test,0.57381195,0.7247828991315965,gumbel_soft
264,0.5743728,train,0.57929754,0.71650576230162,gumbel_soft
264,0.5743728,val,0.5790982,0.7126237623762376,gumbel_soft
264,0.5743728,test,0.57792395,0.7234468937875751,gumbel_soft
265,0.5744707,train,0.57513285,0.7239046125917981,gumbel_soft
265,0.5744707,val,0.57270694,0.7274752475247525,gumbel_soft
265,0.5744707,test,0.5766277,0.7163215319527945,gumbel_soft
266,0.58588314,train,0.57291555,0.7255824187914295,gumbel_soft
266,0.58588314,val,0.57648003,0.7289603960396039,gumbel_soft
266,0.58588314,test,0.5767758,0.7178802048541527,gumbel_soft
267,0.576764,train,0.57249826,0.7235745523558049,gumbel_soft
267,0.576764,val,0.5767337,0.7262376237623762,gumbel_soft
267,0.576764,test,0.5759122,0.7203295479848586,gumbel_soft
268,0.585598,train,0.57695526,0.7207415353301978,gumbel_soft
268,0.585598,val,0.5756837,0.7207920792079208,gumbel_soft
268,0.585598,test,0.5798481,0.7205522155421955,gumbel_soft
269,0.5793884,train,0.5771145,0.7172759028522705,gumbel_soft
269,0.5793884,val,0.57575846,0.725990099009901,gumbel_soft
269,0.5793884,test,0.5758711,0.7129815185927411,gumbel_soft
270,0.57457715,train,0.5767349,0.7215666859201805,gumbel_soft
270,0.57457715,val,0.57383525,0.725,gumbel_soft
270,0.57457715,test,0.57724404,0.7169895346248052,gumbel_soft
271,0.57391125,train,0.5727601,0.7187886789339054,gumbel_soft
271,0.57391125,val,0.57567734,0.7175742574257425,gumbel_soft
271,0.57391125,test,0.59054655,0.7156535292807837,gumbel_soft
272,0.5738402,train,0.5724296,0.7190912341502325,gumbel_soft
272,0.5738402,val,0.5743585,0.7297029702970297,gumbel_soft
272,0.5738402,test,0.57608855,0.710977510576709,gumbel_soft
273,0.5735969,train,0.5742868,0.7231069670214815,gumbel_soft
273,0.5735969,val,0.5730325,0.7257425742574257,gumbel_soft
273,0.5735969,test,0.5745654,0.7154308617234469,gumbel_soft
274,0.580788,train,0.5724329,0.7241521577687928,gumbel_soft
274,0.580788,val,0.57436055,0.7217821782178218,gumbel_soft
274,0.580788,test,0.57542235,0.7156535292807837,gumbel_soft
275,0.57439137,train,0.5768901,0.7175509530489315,gumbel_soft
275,0.57439137,val,0.5742196,0.7185643564356435,gumbel_soft
275,0.57439137,test,0.57307166,0.7243375640169227,gumbel_soft
276,0.58254296,train,0.5716783,0.7218967461561735,gumbel_soft
276,0.58254296,val,0.5754298,0.7299504950495049,gumbel_soft
276,0.58254296,test,0.5766879,0.7156535292807837,gumbel_soft
277,0.5730507,train,0.5782207,0.7180735484225871,gumbel_soft
277,0.5730507,val,0.5743706,0.7198019801980198,gumbel_soft
277,0.5730507,test,0.57483107,0.7243375640169227,gumbel_soft
278,0.5749955,train,0.5822629,0.7148279561019886,gumbel_soft
278,0.5749955,val,0.57392144,0.718069306930693,gumbel_soft
278,0.5749955,test,0.57291734,0.7203295479848586,gumbel_soft
279,0.5758872,train,0.57738936,0.7171383777539401,gumbel_soft
279,0.5758872,val,0.57415074,0.7185643564356435,gumbel_soft
279,0.5758872,test,0.5712,0.7270095747049655,gumbel_soft
280,0.5836528,train,0.573797,0.7200814148582116,gumbel_soft
280,0.5836528,val,0.5726494,0.7207920792079208,gumbel_soft
280,0.5836528,test,0.5752159,0.7181028724114896,gumbel_soft
281,0.5978098,train,0.5772468,0.7212091206645213,gumbel_soft
281,0.5978098,val,0.5774641,0.7225247524752475,gumbel_soft
281,0.5978098,test,0.58848214,0.7103095079046983,gumbel_soft
282,0.57514185,train,0.5736715,0.7222818164314988,gumbel_soft
282,0.57514185,val,0.576643,0.7188118811881188,gumbel_soft
282,0.57514185,test,0.57627296,0.7252282342462704,gumbel_soft
283,0.574304,train,0.57190174,0.7199163847402151,gumbel_soft
283,0.574304,val,0.57027394,0.7202970297029703,gumbel_soft
283,0.574304,test,0.5732539,0.7245602315742596,gumbel_soft
284,0.58085656,train,0.5784877,0.7142503506890008,gumbel_soft
284,0.58085656,val,0.57488465,0.7217821782178218,gumbel_soft
284,0.58085656,test,0.5804845,0.7096415052326877,gumbel_soft
285,0.5732895,train,0.5754582,0.7184036086585802,gumbel_soft
285,0.5732895,val,0.5713055,0.7185643564356435,gumbel_soft
285,0.5732895,test,0.5714112,0.7287909151636607,gumbel_soft
286,0.5733379,train,0.5724855,0.7196413345435542,gumbel_soft
286,0.5733379,val,0.5745223,0.7165841584158416,gumbel_soft
286,0.5733379,test,0.5758865,0.7245602315742596,gumbel_soft
287,0.5763209,train,0.58218443,0.7194487994058916,gumbel_soft
287,0.5763209,val,0.57880324,0.7163366336633663,gumbel_soft
287,0.5763209,test,0.5790754,0.7263415720329548,gumbel_soft
288,0.60496914,train,0.5783244,0.7179910333635888,gumbel_soft
288,0.60496914,val,0.5798,0.7178217821782178,gumbel_soft
288,0.60496914,test,0.5769323,0.7256735693609441,gumbel_soft
289,0.58939797,train,0.57357925,0.7187611739142393,gumbel_soft
289,0.58939797,val,0.5783093,0.7245049504950495,gumbel_soft
289,0.58939797,test,0.57896,0.7138721888220886,gumbel_soft
290,0.57502437,train,0.57628745,0.7198338696812169,gumbel_soft
290,0.57502437,val,0.5733898,0.726980198019802,gumbel_soft
290,0.57502437,test,0.57615,0.7241148964595858,gumbel_soft
291,0.57403487,train,0.5713339,0.7211816156448552,gumbel_soft
291,0.57403487,val,0.57677484,0.717079207920792,gumbel_soft
291,0.57403487,test,0.5863111,0.7238922289022489,gumbel_soft
292,0.5747266,train,0.58093256,0.7193112743075611,gumbel_soft
292,0.5747266,val,0.5769332,0.7215346534653465,gumbel_soft
292,0.5747266,test,0.57768476,0.7265642395902917,gumbel_soft
293,0.5752428,train,0.571489,0.723271997139478,gumbel_soft
293,0.5752428,val,0.57497627,0.7284653465346534,gumbel_soft
293,0.5752428,test,0.57423943,0.7207748830995324,gumbel_soft
294,0.5832013,train,0.58221626,0.7188711939929037,gumbel_soft
294,0.5832013,val,0.57667583,0.7217821782178218,gumbel_soft
294,0.5832013,test,0.5738697,0.7158761968381206,gumbel_soft
295,0.5747638,train,0.5765711,0.7198063646615507,gumbel_soft
295,0.5747638,val,0.5744177,0.7227722772277227,gumbel_soft
295,0.5747638,test,0.5783872,0.7165441995101314,gumbel_soft
296,0.5942548,train,0.5725341,0.7187886789339054,gumbel_soft
296,0.5942548,val,0.5747478,0.7175742574257425,gumbel_soft
296,0.5942548,test,0.5740933,0.7123135159207303,gumbel_soft
297,0.5743147,train,0.58002776,0.7184311136782463,gumbel_soft
297,0.5743147,val,0.7268603,0.7039603960396039,gumbel_soft
297,0.5743147,test,0.6465946,0.7163215319527945,gumbel_soft
298,0.5724355,train,0.57147187,0.7179635283439227,gumbel_soft
298,0.5724355,val,0.57644886,0.7222772277227723,gumbel_soft
298,0.5724355,test,0.5753748,0.7140948563794255,gumbel_soft
299,0.57317406,train,0.57071173,0.7239871276507963,gumbel_soft
299,0.57317406,val,0.5712945,0.725990099009901,gumbel_soft
299,0.57317406,test,0.57403684,0.7223335560008907,gumbel_soft
300,0.57308304,train,0.57731444,0.720521495172869,gumbel_soft
300,0.57308304,val,0.58691764,0.7173267326732673,gumbel_soft
300,0.57308304,test,0.57573706,0.7192162101981742,gumbel_soft
301,0.59583837,train,0.5810369,0.718046043402921,gumbel_soft
301,0.59583837,val,0.5716559,0.7227722772277227,gumbel_soft
301,0.59583837,test,0.625008,0.7085281674460031,gumbel_soft
302,0.5739806,train,0.57244694,0.719888879720549,gumbel_soft
302,0.5739806,val,0.57554287,0.7217821782178218,gumbel_soft
302,0.5739806,test,0.57436,0.7252282342462704,gumbel_soft
303,0.5729591,train,0.5705448,0.7186786588552411,gumbel_soft
303,0.5729591,val,0.57430416,0.7123762376237623,gumbel_soft
303,0.5729591,test,0.5746472,0.7216655533288799,gumbel_soft
304,0.5769933,train,0.5854125,0.7245647330637841,gumbel_soft
304,0.5769933,val,0.5788727,0.727970297029703,gumbel_soft
304,0.5769933,test,0.58501697,0.7247828991315965,gumbel_soft
305,0.58350337,train,0.5776232,0.7193937893665594,gumbel_soft
305,0.58350337,val,0.57462084,0.7212871287128713,gumbel_soft
305,0.58350337,test,0.5772166,0.710977510576709,gumbel_soft
306,0.57375896,train,0.5745299,0.7203839700745386,gumbel_soft
306,0.57375896,val,0.5727466,0.7185643564356435,gumbel_soft
306,0.57375896,test,0.5731581,0.7276775773769761,gumbel_soft
307,0.57361394,train,0.5767073,0.7180185383832549,gumbel_soft
307,0.57361394,val,0.57348067,0.717079207920792,gumbel_soft
307,0.57361394,test,0.61516154,0.7212202182142062,gumbel_soft
308,0.59787685,train,0.579987,0.7242896828671233,gumbel_soft
308,0.59787685,val,0.57998174,0.7252475247524752,gumbel_soft
308,0.59787685,test,0.5804283,0.7169895346248052,gumbel_soft
309,0.5763923,train,0.5742045,0.717110872734274,gumbel_soft
309,0.5763923,val,0.5764767,0.7160891089108911,gumbel_soft
309,0.5763923,test,0.6361761,0.7181028724114896,gumbel_soft
310,0.57373476,train,0.57132065,0.7235195423164728,gumbel_soft
310,0.57373476,val,0.57492733,0.7254950495049505,gumbel_soft
310,0.57373476,test,0.5747501,0.7160988643954576,gumbel_soft
311,0.57272714,train,0.57158923,0.7218142310971752,gumbel_soft
311,0.57272714,val,0.5721317,0.7277227722772277,gumbel_soft
311,0.57272714,test,0.5717482,0.7214428857715431,gumbel_soft
312,0.57289183,train,0.5750333,0.7210440905465247,gumbel_soft
312,0.57289183,val,0.5748222,0.7297029702970297,gumbel_soft
312,0.57289183,test,0.5743187,0.7160988643954576,gumbel_soft
313,0.5811698,train,0.57477075,0.7259399840470886,gumbel_soft
313,0.5811698,val,0.57226175,0.7289603960396039,gumbel_soft
313,0.5811698,test,0.5750776,0.7203295479848586,gumbel_soft
314,0.5722399,train,0.5774685,0.7189537090519019,gumbel_soft
314,0.5722399,val,0.57283396,0.7183168316831683,gumbel_soft
314,0.5722399,test,0.57201374,0.7183255399688265,gumbel_soft
315,0.57249,train,0.5707874,0.71650576230162,gumbel_soft
315,0.57249,val,0.5707633,0.7245049504950495,gumbel_soft
315,0.57249,test,0.57489675,0.7076374972166556,gumbel_soft
316,0.57383615,train,0.57099473,0.7196963445828863,gumbel_soft
316,0.57383615,val,0.5731973,0.7193069306930693,gumbel_soft
316,0.57383615,test,0.57370627,0.7265642395902917,gumbel_soft
317,0.585291,train,0.5728816,0.7221993013725004,gumbel_soft
317,0.585291,val,0.69918257,0.7061881188118811,gumbel_soft
317,0.585291,test,0.5745239,0.72812291249165,gumbel_soft
318,0.57321525,train,0.5802389,0.7188436889732376,gumbel_soft
318,0.57321525,val,0.57602715,0.719059405940594,gumbel_soft
318,0.57321525,test,0.5738379,0.7241148964595858,gumbel_soft
319,0.5745131,train,0.5702414,0.7249498033391094,gumbel_soft
319,0.5745131,val,0.57498455,0.7274752475247525,gumbel_soft
319,0.5745131,test,0.5725139,0.7178802048541527,gumbel_soft
320,0.5718694,train,0.5703296,0.7207140303105317,gumbel_soft
320,0.5718694,val,0.57308006,0.7178217821782178,gumbel_soft
320,0.5718694,test,0.5719596,0.7267869071476286,gumbel_soft
321,0.5821569,train,0.5782538,0.7157356217509695,gumbel_soft
321,0.5821569,val,0.576513,0.7205445544554455,gumbel_soft
321,0.5821569,test,0.57472706,0.7216655533288799,gumbel_soft
322,0.58870214,train,0.5816326,0.7221717963528343,gumbel_soft
322,0.58870214,val,0.5751978,0.725990099009901,gumbel_soft
322,0.58870214,test,0.5755185,0.7136495212647517,gumbel_soft
323,0.5749868,train,0.5711024,0.7180735484225871,gumbel_soft
323,0.5749868,val,0.5736312,0.7175742574257425,gumbel_soft
323,0.5749868,test,0.57609254,0.7172122021821421,gumbel_soft
324,0.5738957,train,0.5783742,0.7197513546222185,gumbel_soft
324,0.5738957,val,0.5725134,0.7207920792079208,gumbel_soft
324,0.5738957,test,0.5718663,0.7203295479848586,gumbel_soft
325,0.5726191,train,0.57153213,0.7210715955661908,gumbel_soft
325,0.5726191,val,0.5731883,0.7188118811881188,gumbel_soft
325,0.5726191,test,0.5742344,0.7254509018036072,gumbel_soft
326,0.5825519,train,0.57045865,0.7236295623951371,gumbel_soft
326,0.5825519,val,0.57293165,0.7237623762376237,gumbel_soft
326,0.5825519,test,0.7004291,0.7201068804275217,gumbel_soft
327,0.5720099,train,0.5883258,0.7173309128916027,gumbel_soft
327,0.5720099,val,0.5784127,0.7185643564356435,gumbel_soft
327,0.5720099,test,0.5793141,0.7169895346248052,gumbel_soft
328,0.5744292,train,0.57186407,0.7225293616084936,gumbel_soft
328,0.5744292,val,0.5849163,0.725990099009901,gumbel_soft
328,0.5744292,test,0.5766669,0.7187708750835003,gumbel_soft
329,0.57279634,train,0.5699335,0.7205765052122012,gumbel_soft
329,0.57279634,val,0.5746656,0.7178217821782178,gumbel_soft
329,0.57279634,test,0.5717141,0.7254509018036072,gumbel_soft
330,0.5712385,train,0.58447045,0.7202189399565421,gumbel_soft
330,0.5712385,val,0.57463986,0.7207920792079208,gumbel_soft
330,0.5712385,test,0.5740518,0.7198842128701848,gumbel_soft
331,0.5896068,train,0.5708272,0.7250323183981077,gumbel_soft
331,0.5896068,val,0.5764907,0.7272277227722772,gumbel_soft
331,0.5896068,test,0.5739879,0.7214428857715431,gumbel_soft
332,0.61043733,train,0.5829911,0.7234920372968067,gumbel_soft
332,0.61043733,val,0.58544844,0.7217821782178218,gumbel_soft
332,0.61043733,test,0.583335,0.7276775773769761,gumbel_soft
333,0.5819059,train,0.57672435,0.7166432873999505,gumbel_soft
333,0.5819059,val,0.57896304,0.7195544554455445,gumbel_soft
333,0.5819059,test,0.58083296,0.710977510576709,gumbel_soft
334,0.5854792,train,0.5767105,0.7209340704678604,gumbel_soft
334,0.5854792,val,0.5749836,0.7245049504950495,gumbel_soft
334,0.5854792,test,0.6448909,0.7094188376753507,gumbel_soft
335,0.5742296,train,0.5721399,0.7187886789339054,gumbel_soft
335,0.5742296,val,0.5737484,0.7264851485148515,gumbel_soft
335,0.5742296,test,0.57577986,0.7160988643954576,gumbel_soft
336,0.574215,train,0.58006865,0.7186236488159089,gumbel_soft
336,0.574215,val,0.57613426,0.7235148514851485,gumbel_soft
336,0.574215,test,0.5801209,0.7138721888220886,gumbel_soft
337,0.57387483,train,0.57400596,0.7246472481227824,gumbel_soft
337,0.57387483,val,0.5708765,0.7272277227722772,gumbel_soft
337,0.57387483,test,0.572585,0.7234468937875751,gumbel_soft
338,0.57162035,train,0.5765963,0.7226118766674918,gumbel_soft
338,0.57162035,val,0.65241027,0.7150990099009901,gumbel_soft
338,0.57162035,test,0.57387346,0.7250055666889335,gumbel_soft
339,0.5724387,train,0.572758,0.7230519569821492,gumbel_soft
339,0.5724387,val,0.5741315,0.7205445544554455,gumbel_soft
339,0.5724387,test,0.57412237,0.7172122021821421,gumbel_soft
340,0.5736922,train,0.5759659,0.7204389801138708,gumbel_soft
340,0.5736922,val,0.5732038,0.719059405940594,gumbel_soft
340,0.5736922,test,0.57516015,0.717434869739479,gumbel_soft
341,0.57179105,train,0.5764412,0.7224193415298292,gumbel_soft
341,0.57179105,val,0.57206655,0.7185643564356435,gumbel_soft
341,0.57179105,test,0.572039,0.7181028724114896,gumbel_soft
342,0.6082111,train,0.57344055,0.7227769067854883,gumbel_soft
342,0.6082111,val,0.5784984,0.7272277227722772,gumbel_soft
342,0.6082111,test,0.5763078,0.7167668670674683,gumbel_soft
343,0.5744574,train,0.5828911,0.7195313144648898,gumbel_soft
343,0.5744574,val,0.66067016,0.7086633663366336,gumbel_soft
343,0.5744574,test,0.57508487,0.7187708750835003,gumbel_soft
344,0.574855,train,0.5752047,0.724537228044118,gumbel_soft
344,0.574855,val,0.57768464,0.7257425742574257,gumbel_soft
344,0.574855,test,0.5760709,0.7167668670674683,gumbel_soft
345,0.57290393,train,0.5713352,0.7225018565888275,gumbel_soft
345,0.57290393,val,0.57580847,0.717079207920792,gumbel_soft
345,0.57290393,test,0.57449865,0.7310175907370297,gumbel_soft
346,0.5731847,train,0.5800995,0.7186786588552411,gumbel_soft
346,0.5731847,val,0.576827,0.7153465346534653,gumbel_soft
346,0.5731847,test,0.57779855,0.723669561344912,gumbel_soft
347,0.5829141,train,0.57072127,0.7206315152515333,gumbel_soft
347,0.5829141,val,0.57555807,0.7158415841584158,gumbel_soft
347,0.5829141,test,0.5729969,0.7272322422623024,gumbel_soft
348,0.57283425,train,0.5804375,0.7190362241109003,gumbel_soft
348,0.57283425,val,0.5745201,0.721039603960396,gumbel_soft
348,0.57283425,test,0.5779347,0.7158761968381206,gumbel_soft
349,0.581366,train,0.5704884,0.7204389801138708,gumbel_soft
349,0.581366,val,0.5730951,0.7202970297029703,gumbel_soft
349,0.581366,test,0.57663816,0.7212202182142062,gumbel_soft
350,0.5747536,train,0.57857937,0.7211816156448552,gumbel_soft
350,0.5747536,val,0.5727048,0.7245049504950495,gumbel_soft
350,0.5747536,test,0.5753821,0.71520819416611,gumbel_soft
351,0.5729199,train,0.57160133,0.7193662843468933,gumbel_soft
351,0.5729199,val,0.57594657,0.7188118811881188,gumbel_soft
351,0.5729199,test,0.57388836,0.7169895346248052,gumbel_soft
352,0.5776488,train,0.5751284,0.7214291608218499,gumbel_soft
352,0.5776488,val,0.57427,0.727970297029703,gumbel_soft
352,0.5776488,test,0.5729298,0.7129815185927411,gumbel_soft
353,0.57369566,train,0.5713991,0.7184036086585802,gumbel_soft
353,0.57369566,val,0.5746128,0.7160891089108911,gumbel_soft
353,0.57369566,test,0.57332057,0.7185482075261634,gumbel_soft
354,0.5790707,train,0.57466155,0.7240971477294607,gumbel_soft
354,0.5790707,val,0.5732272,0.7257425742574257,gumbel_soft
354,0.5790707,test,0.5731041,0.7169895346248052,gumbel_soft
355,0.57955426,train,0.5714474,0.7251148334571059,gumbel_soft
355,0.57955426,val,0.57486916,0.7267326732673267,gumbel_soft
355,0.57955426,test,0.57537305,0.7201068804275217,gumbel_soft
356,0.5752345,train,0.5715699,0.718046043402921,gumbel_soft
356,0.5752345,val,0.5740788,0.719059405940594,gumbel_soft
356,0.5752345,test,0.57699776,0.7160988643954576,gumbel_soft
357,0.5889996,train,0.64157337,0.7174409329702671,gumbel_soft
357,0.5889996,val,0.6482554,0.7173267326732673,gumbel_soft
357,0.5889996,test,0.63838625,0.7145401914940993,gumbel_soft
358,0.6296547,train,0.6056792,0.7201089198778777,gumbel_soft
358,0.6296547,val,0.60007983,0.725,gumbel_soft
358,0.6296547,test,0.6003063,0.7169895346248052,gumbel_soft
359,0.60678643,train,0.6012159,0.7147729460626564,gumbel_soft
359,0.60678643,val,0.59424466,0.7173267326732673,gumbel_soft
359,0.60678643,test,0.6004843,0.7116455132487196,gumbel_soft
360,0.5930045,train,0.5905275,0.7239046125917981,gumbel_soft
360,0.5930045,val,0.5944116,0.7282178217821782,gumbel_soft
360,0.5930045,test,0.59214336,0.7194388777555111,gumbel_soft
361,0.6056996,train,0.593722,0.7245647330637841,gumbel_soft
361,0.6056996,val,0.592751,0.7301980198019802,gumbel_soft
361,0.6056996,test,0.59241664,0.7176575372968158,gumbel_soft
362,0.5929259,train,0.58960503,0.7221442913331683,gumbel_soft
362,0.5929259,val,0.5935297,0.7284653465346534,gumbel_soft
362,0.5929259,test,0.5924689,0.7156535292807837,gumbel_soft
363,0.5909263,train,0.5925773,0.7212091206645213,gumbel_soft
363,0.5909263,val,0.5928263,0.7178217821782178,gumbel_soft
363,0.5909263,test,0.5913495,0.7147628590514362,gumbel_soft
364,0.616798,train,0.59102076,0.718348598619248,gumbel_soft
364,0.616798,val,0.5927672,0.7222772277227723,gumbel_soft
364,0.616798,test,0.5962763,0.7134268537074149,gumbel_soft
365,0.5915419,train,0.59015137,0.719256264268229,gumbel_soft
365,0.5915419,val,0.593614,0.7188118811881188,gumbel_soft
365,0.5915419,test,0.5935115,0.7163215319527945,gumbel_soft
366,0.6116937,train,0.5972998,0.7152955414363121,gumbel_soft
366,0.6116937,val,0.5949621,0.724009900990099,gumbel_soft
366,0.6116937,test,0.5978849,0.7056334892006235,gumbel_soft
367,0.5930348,train,0.59076965,0.7229694419231509,gumbel_soft
367,0.5930348,val,0.59381205,0.7284653465346534,gumbel_soft
367,0.5930348,test,0.5922959,0.7201068804275217,gumbel_soft
368,0.59035057,train,0.59483844,0.7178810132849245,gumbel_soft
368,0.59035057,val,0.5921056,0.7183168316831683,gumbel_soft
368,0.59035057,test,0.6436299,0.7149855266087731,gumbel_soft
369,0.5909112,train,0.5868967,0.7221717963528343,gumbel_soft
369,0.5909112,val,0.5892899,0.7282178217821782,gumbel_soft
369,0.5909112,test,0.58940166,0.7181028724114896,gumbel_soft
370,0.589687,train,0.58843327,0.7180735484225871,gumbel_soft
370,0.589687,val,0.592626,0.7207920792079208,gumbel_soft
370,0.589687,test,0.5916323,0.7234468937875751,gumbel_soft
371,0.5900261,train,0.58700776,0.7192287592485629,gumbel_soft
371,0.5900261,val,0.5901814,0.7198019801980198,gumbel_soft
371,0.5900261,test,0.58998156,0.7138721888220886,gumbel_soft
372,0.58949006,train,0.59131217,0.722336826470831,gumbel_soft
372,0.58949006,val,0.59017986,0.7254950495049505,gumbel_soft
372,0.58949006,test,0.59110063,0.7167668670674683,gumbel_soft
373,0.5894162,train,0.5902656,0.7185411337569106,gumbel_soft
373,0.5894162,val,0.5897296,0.7207920792079208,gumbel_soft
373,0.5894162,test,0.64015776,0.7176575372968158,gumbel_soft
374,0.60062087,train,0.595808,0.7188711939929037,gumbel_soft
374,0.60062087,val,0.5920856,0.7212871287128713,gumbel_soft
374,0.60062087,test,0.595587,0.7212202182142062,gumbel_soft
375,0.590464,train,0.58866274,0.718651153835575,gumbel_soft
375,0.590464,val,0.5901661,0.722029702970297,gumbel_soft
375,0.590464,test,0.6073398,0.7218882208862168,gumbel_soft
376,0.6033719,train,0.59116375,0.7226393816871579,gumbel_soft
376,0.6033719,val,0.5940561,0.7316831683168317,gumbel_soft
376,0.6033719,test,0.5959557,0.7156535292807837,gumbel_soft
377,0.59123796,train,0.5954143,0.7181285584619193,gumbel_soft
377,0.59123796,val,0.59052575,0.7158415841584158,gumbel_soft
377,0.59123796,test,0.5924214,0.7227788911155645,gumbel_soft
378,0.5905897,train,0.58855736,0.7192012542288968,gumbel_soft
378,0.5905897,val,0.59241945,0.7254950495049505,gumbel_soft
378,0.5905897,test,0.59063923,0.7163215319527945,gumbel_soft
379,0.590285,train,0.58818656,0.721126605605523,gumbel_soft
379,0.590285,val,0.588733,0.7262376237623762,gumbel_soft
379,0.590285,test,0.5943916,0.7185482075261634,gumbel_soft
380,0.59095806,train,0.589155,0.7157356217509695,gumbel_soft
380,0.59095806,val,0.58932006,0.7222772277227723,gumbel_soft
380,0.59095806,test,0.59313726,0.7127588510354042,gumbel_soft
381,0.5896359,train,0.58842725,0.7228594218444866,gumbel_soft
381,0.5896359,val,0.59279233,0.7267326732673267,gumbel_soft
381,0.5896359,test,0.59183496,0.7160988643954576,gumbel_soft
382,0.5901946,train,0.599474,0.7168633275572792,gumbel_soft
382,0.5901946,val,0.5903533,0.7217821782178218,gumbel_soft
382,0.5901946,test,0.59321284,0.7230015586729014,gumbel_soft
383,0.6001591,train,0.5896755,0.7204939901532029,gumbel_soft
383,0.6001591,val,0.5908601,0.7264851485148515,gumbel_soft
383,0.6001591,test,0.5952337,0.7127588510354042,gumbel_soft
384,0.591571,train,0.58850306,0.7194212943862255,gumbel_soft
384,0.591571,val,0.5906974,0.725,gumbel_soft
384,0.591571,test,0.59394,0.7154308617234469,gumbel_soft
385,0.5894082,train,0.5930122,0.7221442913331683,gumbel_soft
385,0.5894082,val,0.58982533,0.7282178217821782,gumbel_soft
385,0.5894082,test,0.5896262,0.7214428857715431,gumbel_soft
386,0.60620415,train,0.5933492,0.7254999037324311,gumbel_soft
386,0.60620415,val,0.595862,0.7277227722772277,gumbel_soft
386,0.60620415,test,0.59674466,0.7218882208862168,gumbel_soft
387,0.5926151,train,0.5904567,0.720521495172869,gumbel_soft
387,0.5926151,val,0.59468144,0.7202970297029703,gumbel_soft
387,0.5926151,test,0.59346205,0.7230015586729014,gumbel_soft
388,0.5900984,train,0.5874807,0.7207690403498639,gumbel_soft
388,0.5900984,val,0.59351766,0.7294554455445544,gumbel_soft
388,0.5900984,test,0.5909567,0.7127588510354042,gumbel_soft
389,0.59017783,train,0.5875117,0.7182935885799159,gumbel_soft
389,0.59017783,val,0.58911824,0.7215346534653465,gumbel_soft
389,0.59017783,test,0.59154457,0.7238922289022489,gumbel_soft
390,0.602649,train,0.59055823,0.7164232472426217,gumbel_soft
390,0.602649,val,0.5920065,0.7165841584158416,gumbel_soft
390,0.602649,test,0.59282744,0.7196615453128479,gumbel_soft
391,0.5916436,train,0.5892427,0.7233545121984762,gumbel_soft
391,0.5916436,val,0.59121454,0.7319306930693069,gumbel_soft
391,0.5916436,test,0.6052883,0.7196615453128479,gumbel_soft
392,0.5904695,train,0.5871385,0.7216767059988448,gumbel_soft
392,0.5904695,val,0.6736682,0.721039603960396,gumbel_soft
392,0.5904695,test,0.5906495,0.7165441995101314,gumbel_soft
393,0.58974826,train,0.5873717,0.7226393816871579,gumbel_soft
393,0.58974826,val,0.5909394,0.7292079207920792,gumbel_soft
393,0.58974826,test,0.5919955,0.717434869739479,gumbel_soft
394,0.5918364,train,0.588008,0.7209890805071926,gumbel_soft
394,0.5918364,val,0.59200156,0.7237623762376237,gumbel_soft
394,0.5918364,test,0.5909928,0.7158761968381206,gumbel_soft
395,0.60348713,train,0.5897833,0.718651153835575,gumbel_soft
395,0.60348713,val,0.5921938,0.7205445544554455,gumbel_soft
395,0.60348713,test,0.5936944,0.7232242262302383,gumbel_soft
396,0.5894821,train,0.59311634,0.7187886789339054,gumbel_soft
396,0.5894821,val,0.59278494,0.719059405940594,gumbel_soft
396,0.5894821,test,0.59156895,0.7238922289022489,gumbel_soft
397,0.62023133,train,0.59229165,0.7225018565888275,gumbel_soft
397,0.62023133,val,0.5942766,0.7277227722772277,gumbel_soft
397,0.62023133,test,0.5963434,0.7194388777555111,gumbel_soft
398,0.6008448,train,0.5894368,0.7170008526556096,gumbel_soft
398,0.6008448,val,0.5922908,0.7183168316831683,gumbel_soft
398,0.6008448,test,0.67219025,0.7136495212647517,gumbel_soft
399,0.5924108,train,0.5920615,0.7188986990125698,gumbel_soft
399,0.5924108,val,0.5941679,0.721039603960396,gumbel_soft
399,0.5924108,test,0.5932903,0.7230015586729014,gumbel_soft
400,0.6123941,train,0.60268646,0.7165332673212861,gumbel_soft
400,0.6123941,val,0.6000543,0.7183168316831683,gumbel_soft
400,0.6123941,test,0.5944237,0.7205522155421955,gumbel_soft
401,0.5928031,train,0.598405,0.7238496025524658,gumbel_soft
401,0.5928031,val,0.5972621,0.7287128712871287,gumbel_soft
401,0.5928031,test,0.5931929,0.7163215319527945,gumbel_soft
402,0.5911407,train,0.5916315,0.7220892812938361,gumbel_soft
402,0.5911407,val,0.5892072,0.7316831683168317,gumbel_soft
402,0.5911407,test,0.59356445,0.7209975506568693,gumbel_soft
403,0.6085747,train,0.5924823,0.7140853205710042,gumbel_soft
403,0.6085747,val,0.59399956,0.7185643564356435,gumbel_soft
403,0.6085747,test,0.59812105,0.7094188376753507,gumbel_soft
404,0.60501206,train,0.59355253,0.7209340704678604,gumbel_soft
404,0.60501206,val,0.5980243,0.7252475247524752,gumbel_soft
404,0.60501206,test,0.5973272,0.717434869739479,gumbel_soft
405,0.6009337,train,0.59076947,0.723271997139478,gumbel_soft
405,0.6009337,val,0.5955069,0.7287128712871287,gumbel_soft
405,0.6009337,test,0.5915105,0.7185482075261634,gumbel_soft
406,0.59215945,train,0.5912922,0.7154055615149765,gumbel_soft
406,0.59215945,val,0.5937294,0.7188118811881188,gumbel_soft
406,0.59215945,test,0.59625566,0.7176575372968158,gumbel_soft
407,0.6096419,train,0.59161174,0.7170558626949418,gumbel_soft
407,0.6096419,val,0.5973127,0.7183168316831683,gumbel_soft
407,0.6096419,test,0.59490436,0.7225562235582276,gumbel_soft
408,0.6073266,train,0.59161305,0.7246197431031163,gumbel_soft
408,0.6073266,val,0.59553665,0.7282178217821782,gumbel_soft
408,0.6073266,test,0.5929142,0.7181028724114896,gumbel_soft
409,0.59357506,train,0.59549016,0.7158731468493,gumbel_soft
409,0.59357506,val,0.5940673,0.7202970297029703,gumbel_soft
409,0.59357506,test,0.5944119,0.7189935426408373,gumbel_soft
410,0.59178567,train,0.58978486,0.7190912341502325,gumbel_soft
410,0.59178567,val,0.59050417,0.7225247524752475,gumbel_soft
410,0.59178567,test,0.59242,0.7234468937875751,gumbel_soft
411,0.58995354,train,0.58755094,0.7160381769672965,gumbel_soft
411,0.58995354,val,0.5913845,0.7215346534653465,gumbel_soft
411,0.58995354,test,0.59200114,0.7198842128701848,gumbel_soft
412,0.6131353,train,0.5934531,0.7139477954726737,gumbel_soft
412,0.6131353,val,0.5969719,0.7183168316831683,gumbel_soft
412,0.6131353,test,0.6160097,0.704520151413939,gumbel_soft
413,0.60222566,train,0.5951203,0.715570591632973,gumbel_soft
413,0.60222566,val,0.5947481,0.7215346534653465,gumbel_soft
413,0.60222566,test,0.597254,0.7189935426408373,gumbel_soft
414,0.6024069,train,0.5953242,0.7184311136782463,gumbel_soft
414,0.6024069,val,0.59566265,0.7198019801980198,gumbel_soft
414,0.6024069,test,0.59735656,0.7221108884435538,gumbel_soft
415,0.59616864,train,0.5965568,0.7151855213576478,gumbel_soft
415,0.59616864,val,0.66188437,0.7042079207920792,gumbel_soft
415,0.59616864,test,0.5925211,0.7201068804275217,gumbel_soft
416,0.59434205,train,0.5968146,0.7132876750006876,gumbel_soft
416,0.59434205,val,0.5939928,0.7193069306930693,gumbel_soft
416,0.59434205,test,0.5978305,0.7167668670674683,gumbel_soft
417,0.6178123,train,0.5918737,0.7231619770608136,gumbel_soft
417,0.6178123,val,0.5955212,0.7319306930693069,gumbel_soft
417,0.6178123,test,0.59530693,0.7201068804275217,gumbel_soft
418,0.5924896,train,0.59356624,0.7177434881865941,gumbel_soft
418,0.5924896,val,0.5902056,0.722029702970297,gumbel_soft
418,0.5924896,test,0.591619,0.7238922289022489,gumbel_soft
419,0.591009,train,0.5889037,0.7182660835602498,gumbel_soft
419,0.591009,val,0.5925437,0.722029702970297,gumbel_soft
419,0.591009,test,0.59195423,0.7209975506568693,gumbel_soft
420,0.60156167,train,0.5939859,0.7152955414363121,gumbel_soft
420,0.60156167,val,0.59310806,0.7215346534653465,gumbel_soft
420,0.60156167,test,0.5975002,0.7116455132487196,gumbel_soft
421,0.5993905,train,0.59387803,0.7125175344500372,gumbel_soft
421,0.5993905,val,0.596051,0.719059405940594,gumbel_soft
421,0.5993905,test,0.596182,0.7094188376753507,gumbel_soft
422,0.5925941,train,0.5883032,0.7225293616084936,gumbel_soft
422,0.5925941,val,0.5913111,0.7264851485148515,gumbel_soft
422,0.5925941,test,0.59186655,0.7158761968381206,gumbel_soft
423,0.5915422,train,0.58819854,0.7190912341502325,gumbel_soft
423,0.5915422,val,0.5890684,0.720049504950495,gumbel_soft
423,0.5915422,test,0.59080267,0.7209975506568693,gumbel_soft
424,0.6000987,train,0.5881059,0.722996946942817,gumbel_soft
424,0.6000987,val,0.5916566,0.7282178217821782,gumbel_soft
424,0.6000987,test,0.5913197,0.7181028724114896,gumbel_soft
425,0.599156,train,0.5961198,0.7168633275572792,gumbel_soft
425,0.599156,val,0.5959616,0.722029702970297,gumbel_soft
425,0.599156,test,0.5982908,0.7136495212647517,gumbel_soft
426,0.5919951,train,0.5941698,0.7184586186979124,gumbel_soft
426,0.5919951,val,0.59199625,0.7185643564356435,gumbel_soft
426,0.5919951,test,0.5925237,0.7250055666889335,gumbel_soft
427,0.60732955,train,0.5934894,0.7211541106251891,gumbel_soft
427,0.60732955,val,0.59586054,0.7257425742574257,gumbel_soft
427,0.60732955,test,0.5953563,0.7136495212647517,gumbel_soft
428,0.59244454,train,0.59036255,0.7191737492092307,gumbel_soft
428,0.59244454,val,0.5918875,0.7212871287128713,gumbel_soft
428,0.59244454,test,0.59436375,0.7245602315742596,gumbel_soft
429,0.5964705,train,0.59136224,0.7200539098385456,gumbel_soft
429,0.5964705,val,0.6382748,0.7198019801980198,gumbel_soft
429,0.5964705,test,0.5925442,0.71520819416611,gumbel_soft
430,0.5901775,train,0.5884754,0.7184861237175785,gumbel_soft
430,0.5901775,val,0.6063181,0.7106435643564356,gumbel_soft
430,0.5901775,test,0.5921697,0.723669561344912,gumbel_soft
431,0.5967454,train,0.5930762,0.7209890805071926,gumbel_soft
431,0.5967454,val,0.59361565,0.7306930693069307,gumbel_soft
431,0.5967454,test,0.5941134,0.7205522155421955,gumbel_soft
432,0.5911906,train,0.5912288,0.7207415353301978,gumbel_soft
432,0.5911906,val,0.5919371,0.7306930693069307,gumbel_soft
432,0.5911906,test,0.59141594,0.7181028724114896,gumbel_soft
433,0.59064573,train,0.5896286,0.7185136287372446,gumbel_soft
433,0.59064573,val,0.5946852,0.7207920792079208,gumbel_soft
433,0.59064573,test,0.5920717,0.723669561344912,gumbel_soft
434,0.589999,train,0.58901113,0.7172208928129383,gumbel_soft
434,0.589999,val,0.590552,0.7292079207920792,gumbel_soft
434,0.589999,test,0.59464383,0.7167668670674683,gumbel_soft
435,0.60223037,train,0.593953,0.7216492009791787,gumbel_soft
435,0.60223037,val,0.5944574,0.7284653465346534,gumbel_soft
435,0.60223037,test,0.59032285,0.7143175239367624,gumbel_soft
436,0.5936153,train,0.58902913,0.7200539098385456,gumbel_soft
436,0.5936153,val,0.59349823,0.7173267326732673,gumbel_soft
436,0.5936153,test,0.59169,0.7165441995101314,gumbel_soft
437,0.6021984,train,0.5965343,0.7211816156448552,gumbel_soft
437,0.6021984,val,0.59054315,0.7297029702970297,gumbel_soft
437,0.6021984,test,0.5943039,0.7158761968381206,gumbel_soft
438,0.5996336,train,0.5947147,0.7193662843468933,gumbel_soft
438,0.5996336,val,0.6016371,0.7193069306930693,gumbel_soft
438,0.5996336,test,0.5948555,0.7252282342462704,gumbel_soft
439,0.60420567,train,0.5926803,0.7149104711609868,gumbel_soft
439,0.60420567,val,0.59608847,0.725,gumbel_soft
439,0.60420567,test,0.5977229,0.7112001781340459,gumbel_soft
440,0.59171116,train,0.5940587,0.7180735484225871,gumbel_soft
440,0.59171116,val,0.5904204,0.7188118811881188,gumbel_soft
440,0.59171116,test,0.59276325,0.7227788911155645,gumbel_soft
441,0.5917193,train,0.59255314,0.7168908325769453,gumbel_soft
441,0.5917193,val,0.58999085,0.719059405940594,gumbel_soft
441,0.5917193,test,0.59296376,0.7105321754620352,gumbel_soft
442,0.59107196,train,0.58769584,0.7229419369034848,gumbel_soft
442,0.59107196,val,0.590546,0.7297029702970297,gumbel_soft
442,0.59107196,test,0.591736,0.7216655533288799,gumbel_soft
443,0.5901042,train,0.58875823,0.7185411337569106,gumbel_soft
443,0.5901042,val,0.5912183,0.722029702970297,gumbel_soft
443,0.5901042,test,0.60131997,0.7223335560008907,gumbel_soft
444,0.5909889,train,0.5916803,0.7208515554088621,gumbel_soft
444,0.5909889,val,0.5905797,0.725990099009901,gumbel_soft
444,0.5909889,test,0.5925709,0.7178802048541527,gumbel_soft
445,0.5898965,train,0.5951683,0.7235195423164728,gumbel_soft
445,0.5898965,val,0.5906441,0.7297029702970297,gumbel_soft
445,0.5898965,test,0.5908227,0.7167668670674683,gumbel_soft
446,0.5979472,train,0.5872891,0.7179085183045906,gumbel_soft
446,0.5979472,val,0.5901504,0.722029702970297,gumbel_soft
446,0.5979472,test,0.58912367,0.7232242262302383,gumbel_soft
447,0.6063245,train,0.5952642,0.7221167863135022,gumbel_soft
447,0.6063245,val,0.5935015,0.7299504950495049,gumbel_soft
447,0.6063245,test,0.59352756,0.7187708750835003,gumbel_soft
448,0.59217376,train,0.59814835,0.7178535082652584,gumbel_soft
448,0.59217376,val,0.59333074,0.722029702970297,gumbel_soft
448,0.59217376,test,0.59368885,0.7172122021821421,gumbel_soft
449,0.59903044,train,0.5946998,0.7176609731275958,gumbel_soft
449,0.59903044,val,0.5954594,0.7150990099009901,gumbel_soft
449,0.59903044,test,0.5976309,0.7149855266087731,gumbel_soft
450,0.59321445,train,0.59400684,0.7202739499958742,gumbel_soft
450,0.59321445,val,0.59024405,0.7227722772277227,gumbel_soft
450,0.59321445,test,0.5920256,0.7189935426408373,gumbel_soft
451,0.5891732,train,0.59338486,0.71524053139698,gumbel_soft
451,0.5891732,val,0.58999217,0.7222772277227723,gumbel_soft
451,0.5891732,test,0.59210426,0.7074148296593187,gumbel_soft
452,0.61547977,train,0.5945282,0.7234095222378084,gumbel_soft
452,0.61547977,val,0.59167904,0.7277227722772277,gumbel_soft
452,0.61547977,test,0.5922172,0.7214428857715431,gumbel_soft
453,0.59107333,train,0.5943412,0.7221717963528343,gumbel_soft
453,0.59107333,val,0.5944333,0.7257425742574257,gumbel_soft
453,0.59107333,test,0.5924921,0.7158761968381206,gumbel_soft
454,0.5903122,train,0.59442794,0.7191462441895646,gumbel_soft
454,0.5903122,val,0.5916621,0.7193069306930693,gumbel_soft
454,0.5903122,test,0.59180266,0.717434869739479,gumbel_soft
455,0.59095424,train,0.58769065,0.7160106719476305,gumbel_soft
455,0.59095424,val,0.5903393,0.7155940594059406,gumbel_soft
455,0.59095424,test,0.5896894,0.7096415052326877,gumbel_soft
456,0.6016061,train,0.5885292,0.7226943917264901,gumbel_soft
456,0.6016061,val,0.5906394,0.7272277227722772,gumbel_soft
456,0.6016061,test,0.5927822,0.7160988643954576,gumbel_soft
457,0.5979835,train,0.5920585,0.7167258024589488,gumbel_soft
457,0.5979835,val,0.59315866,0.7195544554455445,gumbel_soft
457,0.5979835,test,0.594174,0.7147628590514362,gumbel_soft
458,0.6096896,train,0.59281003,0.7209340704678604,gumbel_soft
458,0.6096896,val,0.5933965,0.7289603960396039,gumbel_soft
458,0.6096896,test,0.5979838,0.7185482075261634,gumbel_soft
459,0.5964037,train,0.59355277,0.7185686387765767,gumbel_soft
459,0.5964037,val,0.59367615,0.7277227722772277,gumbel_soft
459,0.5964037,test,0.59619194,0.7098641727900245,gumbel_soft
460,0.59195477,train,0.59485364,0.7147179360233242,gumbel_soft
460,0.59195477,val,0.5930711,0.7178217821782178,gumbel_soft
460,0.59195477,test,0.59316045,0.7192162101981742,gumbel_soft
461,0.60865074,train,0.59508765,0.7193387793272272,gumbel_soft
461,0.60865074,val,0.5984238,0.7183168316831683,gumbel_soft
461,0.60865074,test,0.59804267,0.7241148964595858,gumbel_soft
462,0.59451246,train,0.5946647,0.7179635283439227,gumbel_soft
462,0.59451246,val,0.59155864,0.718069306930693,gumbel_soft
462,0.59451246,test,0.59197533,0.7232242262302383,gumbel_soft
463,0.5919472,train,0.5956455,0.7225843716478257,gumbel_soft
463,0.5919472,val,0.5914711,0.7272277227722772,gumbel_soft
463,0.5919472,test,0.59928834,0.7209975506568693,gumbel_soft
464,0.5906735,train,0.5886651,0.7201364248975438,gumbel_soft
464,0.5906735,val,0.59304637,0.7205445544554455,gumbel_soft
464,0.5906735,test,0.59197044,0.7120908483633934,gumbel_soft
465,0.590898,train,0.6002514,0.7176609731275958,gumbel_soft
465,0.590898,val,0.5918597,0.725990099009901,gumbel_soft
465,0.590898,test,0.593231,0.7091961701180138,gumbel_soft
466,0.5911428,train,0.590633,0.7188986990125698,gumbel_soft
466,0.5911428,val,0.5974241,0.719059405940594,gumbel_soft
466,0.5911428,test,0.6042773,0.7203295479848586,gumbel_soft
467,0.59132385,train,0.5977583,0.7176059630882636,gumbel_soft
467,0.59132385,val,0.5919056,0.719059405940594,gumbel_soft
467,0.59132385,test,0.5943472,0.7245602315742596,gumbel_soft
468,0.59037995,train,0.58835673,0.7231344720411476,gumbel_soft
468,0.59037995,val,0.59240866,0.7304455445544554,gumbel_soft
468,0.59037995,test,0.5917192,0.7196615453128479,gumbel_soft
469,0.60063976,train,0.5890417,0.7226943917264901,gumbel_soft
469,0.60063976,val,0.59286815,0.7267326732673267,gumbel_soft
469,0.60063976,test,0.59456277,0.71520819416611,gumbel_soft
470,0.5909989,train,0.58961654,0.7201639299172099,gumbel_soft
470,0.5909989,val,0.59186655,0.7227722772277227,gumbel_soft
470,0.5909989,test,0.5919111,0.7169895346248052,gumbel_soft
471,0.5950618,train,0.5955644,0.7200264048188795,gumbel_soft
471,0.5950618,val,0.5888321,0.7242574257425742,gumbel_soft
471,0.5950618,test,0.5926258,0.7127588510354042,gumbel_soft
472,0.58939004,train,0.59178513,0.7163132271639574,gumbel_soft
472,0.58939004,val,0.5912602,0.7168316831683168,gumbel_soft
472,0.58939004,test,0.5951392,0.710977510576709,gumbel_soft
473,0.5998853,train,0.5917382,0.7192837692878951,gumbel_soft
473,0.5998853,val,0.5907063,0.7222772277227723,gumbel_soft
473,0.5998853,test,0.5953675,0.7127588510354042,gumbel_soft
474,0.59147483,train,0.59293395,0.7223918365101631,gumbel_soft
474,0.59147483,val,0.5909101,0.7306930693069307,gumbel_soft
474,0.59147483,test,0.5943526,0.7169895346248052,gumbel_soft
475,0.58998674,train,0.5884776,0.717413427950601,gumbel_soft
475,0.58998674,val,0.5903365,0.7242574257425742,gumbel_soft
475,0.58998674,test,0.59531015,0.7129815185927411,gumbel_soft
476,0.5893927,train,0.59142286,0.7166707924196166,gumbel_soft
476,0.5893927,val,0.5903024,0.721039603960396,gumbel_soft
476,0.5893927,test,0.5926603,0.7223335560008907,gumbel_soft
477,0.58914566,train,0.593163,0.7152130263773139,gumbel_soft
477,0.58914566,val,0.591089,0.722029702970297,gumbel_soft
477,0.58914566,test,0.58988,0.723669561344912,gumbel_soft
478,0.58863735,train,0.5910197,0.7227218967461562,gumbel_soft
478,0.58863735,val,0.5888608,0.7289603960396039,gumbel_soft
478,0.58863735,test,0.59402746,0.7183255399688265,gumbel_soft
479,0.58921725,train,0.5866747,0.7227494017658223,gumbel_soft
479,0.58921725,val,0.5903692,0.7267326732673267,gumbel_soft
479,0.58921725,test,0.59026754,0.7156535292807837,gumbel_soft
480,0.601642,train,0.5948792,0.7197513546222185,gumbel_soft
480,0.601642,val,0.59344697,0.7198019801980198,gumbel_soft
480,0.601642,test,0.59425616,0.7187708750835003,gumbel_soft
481,0.5940201,train,0.59269315,0.7143603707676651,gumbel_soft
481,0.5940201,val,0.5971634,0.7155940594059406,gumbel_soft
481,0.5940201,test,0.59636664,0.7112001781340459,gumbel_soft
482,0.5907492,train,0.5863072,0.7206315152515333,gumbel_soft
482,0.5907492,val,0.58843,0.7299504950495049,gumbel_soft
482,0.5907492,test,0.5904741,0.717434869739479,gumbel_soft
483,0.5888982,train,0.59415025,0.7209615754875265,gumbel_soft
483,0.5888982,val,0.5885396,0.7289603960396039,gumbel_soft
483,0.5888982,test,0.5912122,0.71520819416611,gumbel_soft
484,0.59891284,train,0.6005255,0.7150204912396513,gumbel_soft
484,0.59891284,val,0.5927569,0.7215346534653465,gumbel_soft
484,0.59891284,test,0.5975369,0.7127588510354042,gumbel_soft
485,0.59038544,train,0.58859265,0.7157356217509695,gumbel_soft
485,0.59038544,val,0.5890202,0.7215346534653465,gumbel_soft
485,0.59038544,test,0.59238994,0.7205522155421955,gumbel_soft
486,0.58938813,train,0.59187216,0.720521495172869,gumbel_soft
486,0.58938813,val,0.592758,0.7165841584158416,gumbel_soft
486,0.58938813,test,0.59020996,0.7185482075261634,gumbel_soft
487,0.58982766,train,0.5923925,0.718321093599582,gumbel_soft
487,0.58982766,val,0.5901094,0.7138613861386138,gumbel_soft
487,0.58982766,test,0.5890355,0.7165441995101314,gumbel_soft
488,0.60006875,train,0.59867674,0.7141128255906704,gumbel_soft
488,0.60006875,val,0.5920053,0.7133663366336633,gumbel_soft
488,0.60006875,test,0.5938694,0.7114228456913828,gumbel_soft
489,0.5948037,train,0.5917347,0.7192837692878951,gumbel_soft
489,0.5948037,val,0.5870916,0.7304455445544554,gumbel_soft
489,0.5948037,test,0.5909326,0.7167668670674683,gumbel_soft
490,0.5899572,train,0.59814507,0.7188436889732376,gumbel_soft
490,0.5899572,val,0.59244835,0.7198019801980198,gumbel_soft
490,0.5899572,test,0.59021914,0.7250055666889335,gumbel_soft
491,0.60406476,train,0.58875746,0.7153780564953104,gumbel_soft
491,0.60406476,val,0.59145874,0.7175742574257425,gumbel_soft
491,0.60406476,test,0.6060289,0.7160988643954576,gumbel_soft
492,0.5914851,train,0.5892028,0.7187886789339054,gumbel_soft
492,0.5914851,val,0.59182775,0.7222772277227723,gumbel_soft
492,0.5914851,test,0.6885783,0.7094188376753507,gumbel_soft
493,0.59041595,train,0.58639187,0.7221442913331683,gumbel_soft
493,0.59041595,val,0.6926603,0.7141089108910891,gumbel_soft
493,0.59041595,test,0.58918387,0.7165441995101314,gumbel_soft
494,0.5896778,train,0.5963417,0.7200539098385456,gumbel_soft
494,0.5896778,val,0.59036875,0.7277227722772277,gumbel_soft
494,0.5896778,test,0.59343565,0.7165441995101314,gumbel_soft
495,0.6038235,train,0.60088015,0.7175784580685975,gumbel_soft
495,0.6038235,val,0.59600085,0.721039603960396,gumbel_soft
495,0.6038235,test,0.6526981,0.7120908483633934,gumbel_soft
496,0.6238812,train,0.59321773,0.7174409329702671,gumbel_soft
496,0.6238812,val,0.59182245,0.723019801980198,gumbel_soft
496,0.6238812,test,0.59528005,0.7091961701180138,gumbel_soft
497,0.5920366,train,0.59830916,0.7163957422229557,gumbel_soft
497,0.5920366,val,0.6472452,0.7113861386138614,gumbel_soft
497,0.5920366,test,0.59270006,0.723669561344912,gumbel_soft
498,0.59143525,train,0.5888159,0.7192287592485629,gumbel_soft
498,0.59143525,val,0.5917759,0.7198019801980198,gumbel_soft
498,0.59143525,test,0.591066,0.7247828991315965,gumbel_soft
499,0.599149,train,0.5970353,0.7130126248040267,gumbel_soft
499,0.599149,val,0.59637153,0.7138613861386138,gumbel_soft
499,0.599149,test,0.5951186,0.7172122021821421,gumbel_soft
500,,train,0.59219307,0.7138102703743433,argmax
500,,val,0.59637153,0.7138613861386138,argmax
500,,test,0.5951186,0.7172122021821421,argmax
